degree,node_count,fraction
1,67767,0.022056404012314637
2,43254,0.014078057153904665
3,38376,0.012490394445328649
4,37457,0.012191283738239399
5,36751,0.011961499016579977
6,36808,0.01198005104084993
7,37060,0.012062070516569724
8,37463,0.012193236582899395
9,37382,0.01216687317998946
10,37876,0.012327657390329058
11,37618,0.012243685069949268
12,37851,0.012319520537579077
13,37307,0.012142462621739522
14,37172,0.012098523616889633
15,37717,0.012275907006839188
16,37368,0.012162316542449472
17,37209,0.012110566158959602
18,37065,0.01206369788711972
19,36429,0.01185669635316024
20,36002,0.011717718908190589
21,35877,0.011677034644440691
22,35256,0.011474915222131198
23,35147,0.011439438544141287
24,35010,0.0113948485910714
25,34183,0.011125681502102075
26,34103,0.01109964357330214
27,33056,0.010758872180132995
28,33002,0.01074129657819304
29,32385,0.010540479052323543
30,32047,0.010430468803143819
31,31302,0.010187990591194428
32,30990,0.010086442668874682
33,30544,0.009941281215815048
34,29697,0.009665604644645739
35,29400,0.009568938833975983
36,29321,0.009543226379286047
37,28934,0.009417267898716363
38,28407,0.009245743042746793
39,27947,0.00909602495214717
40,27281,0.008879259194887712
41,26656,0.008675837876138223
42,26348,0.008575591850258475
43,25557,0.008318141829249122
44,25474,0.008291127478119189
45,24932,0.008114720510499633
46,24317,0.007914553932850135
47,24141,0.007857270489490278
48,23647,0.0076964862791506815
49,23159,0.00753765491347108
50,22940,0.00746637608338126
51,22310,0.007261327394081774
52,22111,0.007196558046191937
53,21649,0.007046189007372314
54,21267,0.006921857897352626
55,20752,0.006754238730703047
56,20535,0.006683610848833224
57,19981,0.0065032981918936765
58,19828,0.006453500653063802
59,19366,0.006303131614244179
60,19259,0.0062683058844742665
61,18589,0.006050238230774814
62,18539,0.006033964525274855
63,18169,0.005913539104575157
64,17687,0.0057566605835555505
65,17455,0.00568115059003574
66,17232,0.005608569863505923
67,16704,0.005436719533426354
68,16831,0.00547805474539625
69,16237,0.005284723124056735
70,15879,0.005168203392677028
71,15690,0.0051066887858871824
72,15266,0.004968687763247529
73,15101,0.004914984535097663
74,14804,0.004818318724427906
75,14731,0.004794559114397965
76,14286,0.004649723135448329
77,14079,0.004582349994678498
78,13791,0.004488613450998734
79,13616,0.0044316554817488765
80,13088,0.0042598051516693075
81,12930,0.004208380242289437
82,12720,0.0041400306791896085
83,12530,0.004078190598289764
84,12304,0.004004633449429949
85,12152,0.003955161384710072
86,11951,0.003889741088600237
87,11767,0.003829853852360387
88,11643,0.0037894950627204885
89,11298,0.00367720649477077
90,11071,0.0036033238718009555
91,10949,0.0035636160303810552
92,10600,0.0034500255659913404
93,10359,0.0033715863054815374
94,10375,0.003376793891241524
95,10215,0.003324718033641655
96,9833,0.003200386923621967
97,9751,0.003173698046602034
98,9606,0.0031265043006521525
99,9483,0.003086470985122253
100,9252,0.003011286465712442
101,9294,0.003024956378332407
102,9056,0.0029474935401526017
103,8822,0.002871332598412793
104,8814,0.0028687288055327994
105,8671,0.0028221860078029163
106,8276,0.002693623734353239
107,8330,0.0027111993362931948
108,7955,0.0025891465450435013
109,8131,0.0026464299884033575
110,7919,0.0025774294770835307
111,7687,0.0025019194835637203
112,7756,0.002524377197153664
113,7499,0.002440730350883874
114,7467,0.0024303151793638998
115,7152,0.0023277908347141573
116,7058,0.002297196268374234
117,7041,0.002291663208504248
118,6927,0.002254559159964341
119,6911,0.0022493515742043543
120,6628,0.002157242401074585
121,6598,0.0021474781777746097
122,6389,0.0020794540887847804
123,6397,0.002082057881664774
124,6197,0.0020169630596649376
125,6130,0.001995156294294992
126,6038,0.0019652126761750674
127,6118,0.001991250604975002
128,5783,0.0018822167781252757
129,5717,0.0018607354868653296
130,5795,0.001886122467445266
131,5403,0.001758536616325586
132,5331,0.0017351024804056448
133,5419,0.001763744202085573
134,5223,0.0016999512765257332
135,5182,0.0016866068380157666
136,5126,0.0016683802878558124
137,5104,0.0016612198574358303
138,4911,0.001598403354205988
139,4826,0.0015707380548560575
140,4768,0.0015518605564761047
141,4646,0.0015121527150562045
142,4769,0.001552186030586104
143,4621,0.001504015862306225
144,4586,0.0014926242684562534
145,4497,0.0014636570726663262
146,4388,0.0014281803946764153
147,4301,0.0013998641471064863
148,4269,0.0013894489755865126
149,4220,0.0013735007441965524
150,4036,0.001313613507956703
151,3898,0.0012686980807768155
152,4009,0.001304825706986725
153,3898,0.0012686980807768155
154,3929,0.0012787877781867902
155,3812,0.0012407073073168859
156,3565,0.0011603152021470876
157,3746,0.0012192260160569398
158,3594,0.001169753951337064
159,3606,0.0011736596406570542
160,3516,0.0011443669707571276
161,3407,0.0011088902927672167
162,3340,0.0010870835273972714
163,3339,0.0010867580532872723
164,3208,0.0010441209448773792
165,3188,0.0010376114626773957
166,3179,0.001034682195687403
167,3186,0.0010369605144573972
168,3120,0.001015479223197451
169,3130,0.001018733964297443
170,2986,0.0009718656924575606
171,2904,0.0009451768154376276
172,2936,0.0009555919869576015
173,2924,0.0009516862976376113
174,2865,0.0009324833251476595
175,2871,0.0009344361698076546
176,2693,0.0008765017782277999
177,2784,0.0009061199222377257
178,2651,0.0008628318656078343
179,2641,0.0008595771245078424
180,2552,0.0008306099287179151
181,2526,0.0008221476018579364
182,2500,0.0008136852749979576
183,2485,0.0008088031633479699
184,2464,0.000801968207037987
185,2416,0.0007863454497580263
186,2346,0.0007635622620580834
187,2355,0.0007664915290480761
188,2304,0.0007498923494381178
189,2306,0.0007505432976581161
190,2258,0.0007349205403781553
191,2198,0.0007153920937782044
192,2155,0.0007013967070482395
193,2111,0.0006870758462082754
194,2099,0.0006831701568882852
195,2028,0.0006600614950783432
196,2021,0.000657783176308349
197,1995,0.0006493208494483703
198,1982,0.0006450896860183808
199,1983,0.00064541516012838
200,2010,0.0006542029610983579
201,1970,0.0006411839966983906
202,1926,0.0006268631358584266
203,1939,0.000631094299288416
204,1883,0.0006128677491284617
205,1883,0.0006128677491284617
206,1761,0.0005731599077085614
207,1791,0.0005829241310085369
208,1700,0.0005533059869986112
209,1750,0.0005695796924985704
210,1699,0.000552980512888612
211,1761,0.0005731599077085614
212,1747,0.0005686032701685728
213,1726,0.00056176831385859
214,1641,0.0005341030145086594
215,1594,0.0005188057313386978
216,1638,0.0005331265921786619
217,1607,0.0005230368947686871
218,1620,0.0005272680581986766
219,1483,0.0004826781051287885
220,1510,0.0004914659060987664
221,1527,0.0004969989659687525
222,1516,0.0004934187507587615
223,1475,0.000480074312248795
224,1440,0.0004686827183988236
225,1425,0.00046380060674883585
226,1365,0.0004442721601488849
227,1415,0.00046054586564884403
228,1348,0.00043873910027889874
229,1333,0.00043385698862891104
230,1330,0.0004328805662989135
231,1355,0.00044101741904889306
232,1308,0.00042572013587893146
233,1299,0.0004227908688889388
234,1318,0.0004289748769789233
235,1263,0.0004110738009289682
236,1259,0.0004097719044889715
237,1185,0.0003856868203490319
238,1246,0.0004055407410589821
239,1158,0.000376899019379054
240,1235,0.00040196052584899107
241,1170,0.00038080470869904416
242,1209,0.0003934981989890123
243,1127,0.00036680932196907933
244,1153,0.00037527164882905807
245,1095,0.00035639415044910543
246,1112,0.0003619272103190916
247,1024,0.0003332854886391635
248,1082,0.00035216298701911606
249,1087,0.000353790357569112
250,1089,0.00035444130578911033
251,1031,0.00033556380740915775
252,1070,0.00034825729769912586
253,1046,0.0003404459190591455
254,960,0.00031245514559921574
255,955,0.0003108277750492198
256,982,0.00031961557601919776
257,1011,0.00032905432520917405
258,959,0.00031212967148921657
259,994,0.00032352126533918797
260,934,0.000303992818739237
261,917,0.00029845975886925086
262,942,0.00030659661161923043
263,944,0.0003072475598392288
264,926,0.0003013890258592435
265,913,0.00029715786242925414
266,871,0.0002834879498092884
267,871,0.0002834879498092884
268,847,0.00027567657116930807
269,881,0.0002867426909092803
270,833,0.0002711199336293195
271,830,0.0002701435112993219
272,809,0.0002633085549893391
273,793,0.00025810096922935214
274,752,0.00024475653071938565
275,765,0.000248987694149375
276,774,0.00025191696113936767
277,820,0.0002668887701993301
278,824,0.0002681906666393268
279,798,0.0002597283397793481
280,770,0.00025061506469937095
281,777,0.0002528933834693652
282,748,0.00024345463427938893
283,718,0.00023369041097941344
284,700,0.00022783187699942814
285,735,0.00023922347084939956
286,702,0.0002284828252194265
287,667,0.0002170912313694551
288,666,0.0002167657572594559
289,652,0.00021220911971946735
290,718,0.00023369041097941344
291,671,0.00021839312780945185
292,673,0.0002190440760294502
293,686,0.00022327523945943957
294,634,0.00020635058573948207
295,632,0.0002056996375194837
296,641,0.00020862890450947633
297,646,0.00021025627505947227
298,617,0.00020081752586949595
299,597,0.00019430804366951228
300,601,0.00019560994010950903
301,579,0.000188449509689527
302,586,0.00019072782845952127
303,611,0.00019886468120950085
304,598,0.00019463351777951148
305,569,0.00018519476858953516
306,590,0.00019202972489951802
307,585,0.00019040235434952208
308,597,0.00019430804366951228
309,547,0.00017803433816955313
310,589,0.00019170425078951882
311,593,0.00019300614722951557
312,530,0.00017250127829956702
313,536,0.00017445412295956212
314,523,0.00017022295952957275
315,547,0.00017803433816955313
316,515,0.00016761916664957926
317,534,0.00017380317473956376
318,503,0.00016371347732958909
319,520,0.0001692465371995752
320,531,0.0001728267524095662
321,508,0.000165340847879585
322,453,0.00014743977182962994
323,525,0.0001708739077495711
324,494,0.00016078421033959643
325,482,0.00015687852101960623
326,484,0.0001575294692396046
327,447,0.00014548692716963483
328,487,0.00015850589156960214
329,440,0.00014320860839964054
330,463,0.00015069451292962175
331,495,0.00016110968444959563
332,462,0.00015036903881962256
333,433,0.00014093028962964627
334,473,0.0001539492540296136
335,400,0.00013018964399967323
336,470,0.00015297283169961605
337,412,0.0001340953333196634
338,443,0.0001441850307296381
339,430,0.00013995386729964872
340,475,0.00015460020224961196
341,428,0.00013930291907965036
342,440,0.00014320860839964054
343,432,0.00014060481551964708
344,377,0.00012270373946969202
345,388,0.00012628395467968303
346,424,0.00013800102263965362
347,389,0.00012660942878968222
348,399,0.00012986416988967404
349,398,0.00012953869577967485
350,406,0.00013214248865966834
351,383,0.00012465658412968712
352,419,0.0001363736520896577
353,382,0.00012433111001968793
354,378,0.0001230292135796912
355,393,0.00012791132522967894
356,375,0.00012205279124969364
357,362,0.00011782162781970427
358,384,0.00012498205823968628
359,339,0.00011033572328972306
360,382,0.00012433111001968793
361,363,0.00011814710192970345
362,352,0.00011456688671971244
363,351,0.00011424141260971325
364,355,0.00011554330904970999
365,338,0.00011001024917972388
366,337,0.00010968477506972468
367,320,0.00010415171519973858
368,351,0.00011424141260971325
369,342,0.00011131214561972061
370,318,0.00010350076697974021
371,333,0.00010838287862972795
372,323,0.00010512813752973614
373,320,0.00010415171519973858
374,299,9.731675888975574e-05
375,302,9.829318121975329e-05
376,306,9.959507765975002e-05
377,316,0.00010284981875974185
378,303,9.861865532975247e-05
379,301,9.79677071097541e-05
380,283,9.21091731297688e-05
381,318,0.00010350076697974021
382,292,9.503844011976146e-05
383,311,0.00010122244820974593
384,297,9.666581066975737e-05
385,259,8.429779448978841e-05
386,281,9.145822490977045e-05
387,313,0.0001018733964297443
388,290,9.438749189976309e-05
389,277,9.01563284697737e-05
390,260,8.46232685997876e-05
391,277,9.01563284697737e-05
392,264,8.592516503978433e-05
393,263,8.559969092978515e-05
394,260,8.46232685997876e-05
395,265,8.625063914978351e-05
396,284,9.243464723976798e-05
397,260,8.46232685997876e-05
398,259,8.429779448978841e-05
399,229,7.453357118981292e-05
400,243,7.909020872980149e-05
401,246,8.006663105979904e-05
402,256,8.332137215979087e-05
403,249,8.104305338979659e-05
404,272,8.852895791977779e-05
405,222,7.225525241981864e-05
406,234,7.616094173980883e-05
407,225,7.323167474981619e-05
408,262,8.527421681978596e-05
409,259,8.429779448978841e-05
410,252,8.201947571979413e-05
411,285,9.276012134976718e-05
412,223,7.258072652981782e-05
413,260,8.46232685997876e-05
414,224,7.2906200639817e-05
415,226,7.355714885981537e-05
416,252,8.201947571979413e-05
417,246,8.006663105979904e-05
418,226,7.355714885981537e-05
419,231,7.518451940981128e-05
420,246,8.006663105979904e-05
421,221,7.192977830981946e-05
422,227,7.388262296981455e-05
423,220,7.160430419982027e-05
424,216,7.030240775982354e-05
425,217,7.062788186982272e-05
426,201,6.54202961098358e-05
427,195,6.34674514498407e-05
428,212,6.900051131982681e-05
429,220,7.160430419982027e-05
430,217,7.062788186982272e-05
431,221,7.192977830981946e-05
432,233,7.583546762980965e-05
433,185,6.021271034984887e-05
434,238,7.746283817980556e-05
435,218,7.095335597982191e-05
436,208,6.769861487983008e-05
437,219,7.127883008982109e-05
438,203,6.607124432983417e-05
439,214,6.965145953982518e-05
440,215,6.997693364982436e-05
441,185,6.021271034984887e-05
442,172,5.598154691985948e-05
443,209,6.802408898982926e-05
444,185,6.021271034984887e-05
445,172,5.598154691985948e-05
446,207,6.73731407698309e-05
447,202,6.574577021983498e-05
448,209,6.802408898982926e-05
449,196,6.379292555983989e-05
450,172,5.598154691985948e-05
451,171,5.5656072809860304e-05
452,191,6.216555500984396e-05
453,177,5.76089174698554e-05
454,178,5.7934391579854586e-05
455,181,5.891081390985214e-05
456,171,5.5656072809860304e-05
457,188,6.118913267984641e-05
458,161,5.240133170986847e-05
459,167,5.4354176369863574e-05
460,172,5.598154691985948e-05
461,178,5.7934391579854586e-05
462,182,5.9236288019851316e-05
463,181,5.891081390985214e-05
464,196,6.379292555983989e-05
465,193,6.281650322984233e-05
466,159,5.1750383489870106e-05
467,185,6.021271034984887e-05
468,158,5.142490937987093e-05
469,173,5.630702102985867e-05
470,149,4.849564238987827e-05
471,139,4.524090128988645e-05
472,178,5.7934391579854586e-05
473,164,5.337775403986602e-05
474,158,5.142490937987093e-05
475,168,5.467965047986275e-05
476,154,5.012301293987419e-05
477,143,4.654279772988318e-05
478,150,4.882111649987746e-05
479,153,4.979753882987501e-05
480,135,4.393900484988971e-05
481,162,5.272680581986766e-05
482,161,5.240133170986847e-05
483,156,5.0773961159872555e-05
484,169,5.500512458986194e-05
485,153,4.979753882987501e-05
486,130,4.23116342998938e-05
487,156,5.0773961159872555e-05
488,171,5.5656072809860304e-05
489,133,4.3288056629891345e-05
490,136,4.4264478959888896e-05
491,171,5.5656072809860304e-05
492,123,4.003331552989952e-05
493,142,4.621732361988399e-05
494,139,4.524090128988645e-05
495,132,4.2962582519892165e-05
496,149,4.849564238987827e-05
497,135,4.393900484988971e-05
498,138,4.491542717988726e-05
499,139,4.524090128988645e-05
500,121,3.938236730990115e-05
501,165,5.37032281498652e-05
502,123,4.003331552989952e-05
503,142,4.621732361988399e-05
504,140,4.5566375399885626e-05
505,145,4.719374594988154e-05
506,149,4.849564238987827e-05
507,116,3.775499675990524e-05
508,143,4.654279772988318e-05
509,129,4.1986160189894614e-05
510,138,4.491542717988726e-05
511,121,3.938236730990115e-05
512,128,4.1660686079895435e-05
513,117,3.8080470869904416e-05
514,126,4.100973785989706e-05
515,130,4.23116342998938e-05
516,132,4.2962582519892165e-05
517,124,4.03587896398987e-05
518,114,3.710404853990687e-05
519,131,4.263710840989298e-05
520,123,4.003331552989952e-05
521,125,4.0684263749897884e-05
522,119,3.873141908990278e-05
523,117,3.8080470869904416e-05
524,122,3.970784141990033e-05
525,119,3.873141908990278e-05
526,104,3.384930743991504e-05
527,118,3.84059449799036e-05
528,142,4.621732361988399e-05
529,123,4.003331552989952e-05
530,121,3.938236730990115e-05
531,125,4.0684263749897884e-05
532,106,3.4500255659913404e-05
533,115,3.742952264990605e-05
534,116,3.775499675990524e-05
535,121,3.938236730990115e-05
536,121,3.938236730990115e-05
537,111,3.612762620990932e-05
538,112,3.64531003199085e-05
539,85,2.766529934993056e-05
540,122,3.970784141990033e-05
541,128,4.1660686079895435e-05
542,116,3.775499675990524e-05
543,122,3.970784141990033e-05
544,99,3.222193688991912e-05
545,104,3.384930743991504e-05
546,109,3.5476677989910955e-05
547,107,3.482572976991259e-05
548,101,3.287288510991749e-05
549,94,3.0594566339923206e-05
550,111,3.612762620990932e-05
551,106,3.4500255659913404e-05
552,126,4.100973785989706e-05
553,115,3.742952264990605e-05
554,103,3.352383332991585e-05
555,96,3.124551455992157e-05
556,117,3.8080470869904416e-05
557,111,3.612762620990932e-05
558,90,2.9292669899926475e-05
559,97,3.157098866992076e-05
560,108,3.515120387991177e-05
561,106,3.4500255659913404e-05
562,98,3.189646277991994e-05
563,94,3.0594566339923206e-05
564,102,3.3198359219916674e-05
565,112,3.64531003199085e-05
566,94,3.0594566339923206e-05
567,89,2.8967195789927293e-05
568,87,2.8316247569928928e-05
569,124,4.03587896398987e-05
570,115,3.742952264990605e-05
571,111,3.612762620990932e-05
572,90,2.9292669899926475e-05
573,108,3.515120387991177e-05
574,86,2.799077345992974e-05
575,98,3.189646277991994e-05
576,112,3.64531003199085e-05
577,114,3.710404853990687e-05
578,106,3.4500255659913404e-05
579,99,3.222193688991912e-05
580,101,3.287288510991749e-05
581,103,3.352383332991585e-05
582,93,3.0269092229924023e-05
583,93,3.0269092229924023e-05
584,114,3.710404853990687e-05
585,94,3.0594566339923206e-05
586,91,2.9618144009925658e-05
587,82,2.668887701993301e-05
588,104,3.384930743991504e-05
589,83,2.7014351129932194e-05
590,87,2.8316247569928928e-05
591,95,3.092004044992239e-05
592,88,2.864172167992811e-05
593,87,2.8316247569928928e-05
594,100,3.254741099991831e-05
595,94,3.0594566339923206e-05
596,97,3.157098866992076e-05
597,93,3.0269092229924023e-05
598,97,3.157098866992076e-05
599,108,3.515120387991177e-05
600,86,2.799077345992974e-05
601,93,3.0269092229924023e-05
602,87,2.8316247569928928e-05
603,89,2.8967195789927293e-05
604,87,2.8316247569928928e-05
605,100,3.254741099991831e-05
606,96,3.124551455992157e-05
607,107,3.482572976991259e-05
608,97,3.157098866992076e-05
609,67,2.1806765369945265e-05
610,87,2.8316247569928928e-05
611,91,2.9618144009925658e-05
612,86,2.799077345992974e-05
613,94,3.0594566339923206e-05
614,85,2.766529934993056e-05
615,87,2.8316247569928928e-05
616,94,3.0594566339923206e-05
617,91,2.9618144009925658e-05
618,78,2.5386980579936277e-05
619,73,2.3759610029940364e-05
620,87,2.8316247569928928e-05
621,84,2.7339825239931376e-05
622,98,3.189646277991994e-05
623,89,2.8967195789927293e-05
624,84,2.7339825239931376e-05
625,87,2.8316247569928928e-05
626,83,2.7014351129932194e-05
627,98,3.189646277991994e-05
628,79,2.5712454689935463e-05
629,88,2.864172167992811e-05
630,87,2.8316247569928928e-05
631,100,3.254741099991831e-05
632,76,2.4736032359937912e-05
633,88,2.864172167992811e-05
634,68,2.2132239479944448e-05
635,88,2.864172167992811e-05
636,89,2.8967195789927293e-05
637,73,2.3759610029940364e-05
638,79,2.5712454689935463e-05
639,77,2.5061506469937095e-05
640,94,3.0594566339923206e-05
641,75,2.441055824993873e-05
642,82,2.668887701993301e-05
643,62,2.017939481994935e-05
644,80,2.6037928799934646e-05
645,77,2.5061506469937095e-05
646,72,2.3434135919941182e-05
647,79,2.5712454689935463e-05
648,90,2.9292669899926475e-05
649,100,3.254741099991831e-05
650,69,2.245771358994363e-05
651,82,2.668887701993301e-05
652,78,2.5386980579936277e-05
653,80,2.6037928799934646e-05
654,73,2.3759610029940364e-05
655,87,2.8316247569928928e-05
656,81,2.636340290993383e-05
657,71,2.3108661809941996e-05
658,85,2.766529934993056e-05
659,68,2.2132239479944448e-05
660,75,2.441055824993873e-05
661,66,2.1481291259946083e-05
662,63,2.050486892994853e-05
663,83,2.7014351129932194e-05
664,97,3.157098866992076e-05
665,92,2.994361811992484e-05
666,65,2.11558171499469e-05
667,71,2.3108661809941996e-05
668,72,2.3434135919941182e-05
669,77,2.5061506469937095e-05
670,78,2.5386980579936277e-05
671,80,2.6037928799934646e-05
672,78,2.5386980579936277e-05
673,76,2.4736032359937912e-05
674,64,2.0830343039947717e-05
675,61,1.9853920709950166e-05
676,68,2.2132239479944448e-05
677,78,2.5386980579936277e-05
678,75,2.441055824993873e-05
679,71,2.3108661809941996e-05
680,63,2.050486892994853e-05
681,79,2.5712454689935463e-05
682,77,2.5061506469937095e-05
683,68,2.2132239479944448e-05
684,71,2.3108661809941996e-05
685,66,2.1481291259946083e-05
686,83,2.7014351129932194e-05
687,60,1.9528446599950984e-05
688,93,3.0269092229924023e-05
689,87,2.8316247569928928e-05
690,50,1.6273705499959154e-05
691,87,2.8316247569928928e-05
692,62,2.017939481994935e-05
693,75,2.441055824993873e-05
694,81,2.636340290993383e-05
695,78,2.5386980579936277e-05
696,76,2.4736032359937912e-05
697,62,2.017939481994935e-05
698,64,2.0830343039947717e-05
699,56,1.822655015995425e-05
700,62,2.017939481994935e-05
701,62,2.017939481994935e-05
702,63,2.050486892994853e-05
703,69,2.245771358994363e-05
704,73,2.3759610029940364e-05
705,83,2.7014351129932194e-05
706,62,2.017939481994935e-05
707,77,2.5061506469937095e-05
708,62,2.017939481994935e-05
709,57,1.8552024269953436e-05
710,74,2.4085084139939547e-05
711,64,2.0830343039947717e-05
712,63,2.050486892994853e-05
713,62,2.017939481994935e-05
714,64,2.0830343039947717e-05
715,65,2.11558171499469e-05
716,66,2.1481291259946083e-05
717,67,2.1806765369945265e-05
718,70,2.2783187699942813e-05
719,72,2.3434135919941182e-05
720,69,2.245771358994363e-05
721,59,1.92029724899518e-05
722,64,2.0830343039947717e-05
723,79,2.5712454689935463e-05
724,72,2.3434135919941182e-05
725,74,2.4085084139939547e-05
726,49,1.594823138995997e-05
727,53,1.7250127829956702e-05
728,38,1.2368016179968956e-05
729,73,2.3759610029940364e-05
730,60,1.9528446599950984e-05
731,62,2.017939481994935e-05
732,54,1.7575601939955885e-05
733,63,2.050486892994853e-05
734,53,1.7250127829956702e-05
735,71,2.3108661809941996e-05
736,60,1.9528446599950984e-05
737,53,1.7250127829956702e-05
738,63,2.050486892994853e-05
739,53,1.7250127829956702e-05
740,61,1.9853920709950166e-05
741,66,2.1481291259946083e-05
742,70,2.2783187699942813e-05
743,53,1.7250127829956702e-05
744,49,1.594823138995997e-05
745,66,2.1481291259946083e-05
746,72,2.3434135919941182e-05
747,55,1.7901076049955067e-05
748,52,1.692465371995752e-05
749,52,1.692465371995752e-05
750,50,1.6273705499959154e-05
751,86,2.799077345992974e-05
752,61,1.9853920709950166e-05
753,61,1.9853920709950166e-05
754,49,1.594823138995997e-05
755,57,1.8552024269953436e-05
756,60,1.9528446599950984e-05
757,62,2.017939481994935e-05
758,47,1.5297283169961603e-05
759,61,1.9853920709950166e-05
760,75,2.441055824993873e-05
761,68,2.2132239479944448e-05
762,52,1.692465371995752e-05
763,43,1.399538672996487e-05
764,62,2.017939481994935e-05
765,49,1.594823138995997e-05
766,43,1.399538672996487e-05
767,52,1.692465371995752e-05
768,48,1.5622757279960786e-05
769,63,2.050486892994853e-05
770,66,2.1481291259946083e-05
771,53,1.7250127829956702e-05
772,49,1.594823138995997e-05
773,40,1.3018964399967323e-05
774,61,1.9853920709950166e-05
775,43,1.399538672996487e-05
776,49,1.594823138995997e-05
777,65,2.11558171499469e-05
778,50,1.6273705499959154e-05
779,62,2.017939481994935e-05
780,60,1.9528446599950984e-05
781,53,1.7250127829956702e-05
782,57,1.8552024269953436e-05
783,53,1.7250127829956702e-05
784,48,1.5622757279960786e-05
785,63,2.050486892994853e-05
786,60,1.9528446599950984e-05
787,62,2.017939481994935e-05
788,54,1.7575601939955885e-05
789,57,1.8552024269953436e-05
790,53,1.7250127829956702e-05
791,53,1.7250127829956702e-05
792,52,1.692465371995752e-05
793,53,1.7250127829956702e-05
794,56,1.822655015995425e-05
795,43,1.399538672996487e-05
796,39,1.2693490289968139e-05
797,61,1.9853920709950166e-05
798,50,1.6273705499959154e-05
799,47,1.5297283169961603e-05
800,55,1.7901076049955067e-05
801,51,1.6599179609958337e-05
802,50,1.6273705499959154e-05
803,47,1.5297283169961603e-05
804,61,1.9853920709950166e-05
805,54,1.7575601939955885e-05
806,46,1.497180905996242e-05
807,37,1.2042542069969773e-05
808,43,1.399538672996487e-05
809,45,1.4646334949963238e-05
810,43,1.399538672996487e-05
811,47,1.5297283169961603e-05
812,45,1.4646334949963238e-05
813,52,1.692465371995752e-05
814,48,1.5622757279960786e-05
815,59,1.92029724899518e-05
816,35,1.1391593849971407e-05
817,60,1.9528446599950984e-05
818,39,1.2693490289968139e-05
819,35,1.1391593849971407e-05
820,47,1.5297283169961603e-05
821,49,1.594823138995997e-05
822,47,1.5297283169961603e-05
823,65,2.11558171499469e-05
824,46,1.497180905996242e-05
825,38,1.2368016179968956e-05
826,47,1.5297283169961603e-05
827,52,1.692465371995752e-05
828,44,1.4320860839964055e-05
829,41,1.3344438509966506e-05
830,41,1.3344438509966506e-05
831,60,1.9528446599950984e-05
832,46,1.497180905996242e-05
833,47,1.5297283169961603e-05
834,49,1.594823138995997e-05
835,31,1.0089697409974674e-05
836,38,1.2368016179968956e-05
837,51,1.6599179609958337e-05
838,49,1.594823138995997e-05
839,34,1.1066119739972224e-05
840,42,1.3669912619965688e-05
841,50,1.6273705499959154e-05
842,40,1.3018964399967323e-05
843,34,1.1066119739972224e-05
844,47,1.5297283169961603e-05
845,46,1.497180905996242e-05
846,39,1.2693490289968139e-05
847,43,1.399538672996487e-05
848,45,1.4646334949963238e-05
849,38,1.2368016179968956e-05
850,38,1.2368016179968956e-05
851,41,1.3344438509966506e-05
852,26,8.46232685997876e-06
853,44,1.4320860839964055e-05
854,45,1.4646334949963238e-05
855,41,1.3344438509966506e-05
856,35,1.1391593849971407e-05
857,42,1.3669912619965688e-05
858,39,1.2693490289968139e-05
859,42,1.3669912619965688e-05
860,46,1.497180905996242e-05
861,40,1.3018964399967323e-05
862,44,1.4320860839964055e-05
863,46,1.497180905996242e-05
864,49,1.594823138995997e-05
865,36,1.1717067959970591e-05
866,31,1.0089697409974674e-05
867,42,1.3669912619965688e-05
868,51,1.6599179609958337e-05
869,39,1.2693490289968139e-05
870,30,9.764223299975492e-06
871,45,1.4646334949963238e-05
872,39,1.2693490289968139e-05
873,35,1.1391593849971407e-05
874,29,9.43874918997631e-06
875,29,9.43874918997631e-06
876,43,1.399538672996487e-05
877,30,9.764223299975492e-06
878,46,1.497180905996242e-05
879,32,1.0415171519973859e-05
880,37,1.2042542069969773e-05
881,34,1.1066119739972224e-05
882,40,1.3018964399967323e-05
883,29,9.43874918997631e-06
884,27,8.787800969977942e-06
885,25,8.136852749979577e-06
886,30,9.764223299975492e-06
887,30,9.764223299975492e-06
888,39,1.2693490289968139e-05
889,29,9.43874918997631e-06
890,33,1.0740645629973041e-05
891,34,1.1066119739972224e-05
892,28,9.113275079977125e-06
893,28,9.113275079977125e-06
894,31,1.0089697409974674e-05
895,22,7.1604304199820276e-06
896,31,1.0089697409974674e-05
897,36,1.1717067959970591e-05
898,40,1.3018964399967323e-05
899,25,8.136852749979577e-06
900,34,1.1066119739972224e-05
901,45,1.4646334949963238e-05
902,25,8.136852749979577e-06
903,31,1.0089697409974674e-05
904,26,8.46232685997876e-06
905,28,9.113275079977125e-06
906,32,1.0415171519973859e-05
907,24,7.811378639980393e-06
908,31,1.0089697409974674e-05
909,27,8.787800969977942e-06
910,32,1.0415171519973859e-05
911,24,7.811378639980393e-06
912,26,8.46232685997876e-06
913,29,9.43874918997631e-06
914,24,7.811378639980393e-06
915,20,6.5094821999836615e-06
916,32,1.0415171519973859e-05
917,26,8.46232685997876e-06
918,20,6.5094821999836615e-06
919,20,6.5094821999836615e-06
920,20,6.5094821999836615e-06
921,24,7.811378639980393e-06
922,23,7.48590452998121e-06
923,14,4.5566375399885624e-06
924,22,7.1604304199820276e-06
925,24,7.811378639980393e-06
926,25,8.136852749979577e-06
927,28,9.113275079977125e-06
928,22,7.1604304199820276e-06
929,18,5.8585339799852954e-06
930,22,7.1604304199820276e-06
931,17,5.533059869986112e-06
932,22,7.1604304199820276e-06
933,13,4.23116342998938e-06
934,18,5.8585339799852954e-06
935,21,6.834956309982844e-06
936,16,5.207585759986929e-06
937,16,5.207585759986929e-06
938,21,6.834956309982844e-06
939,23,7.48590452998121e-06
940,14,4.5566375399885624e-06
941,16,5.207585759986929e-06
942,18,5.8585339799852954e-06
943,21,6.834956309982844e-06
944,21,6.834956309982844e-06
945,17,5.533059869986112e-06
946,17,5.533059869986112e-06
947,16,5.207585759986929e-06
948,20,6.5094821999836615e-06
949,15,4.882111649987746e-06
950,15,4.882111649987746e-06
951,31,1.0089697409974674e-05
952,21,6.834956309982844e-06
953,14,4.5566375399885624e-06
954,11,3.5802152099910138e-06
955,12,3.905689319990196e-06
956,18,5.8585339799852954e-06
957,19,6.184008089984478e-06
958,9,2.9292669899926477e-06
959,19,6.184008089984478e-06
960,10,3.2547410999918307e-06
961,18,5.8585339799852954e-06
962,19,6.184008089984478e-06
963,19,6.184008089984478e-06
964,20,6.5094821999836615e-06
965,11,3.5802152099910138e-06
966,18,5.8585339799852954e-06
967,21,6.834956309982844e-06
968,24,7.811378639980393e-06
969,14,4.5566375399885624e-06
970,20,6.5094821999836615e-06
971,22,7.1604304199820276e-06
972,12,3.905689319990196e-06
973,15,4.882111649987746e-06
974,16,5.207585759986929e-06
975,15,4.882111649987746e-06
976,15,4.882111649987746e-06
977,14,4.5566375399885624e-06
978,14,4.5566375399885624e-06
979,8,2.6037928799934647e-06
980,11,3.5802152099910138e-06
981,10,3.2547410999918307e-06
982,22,7.1604304199820276e-06
983,9,2.9292669899926477e-06
984,12,3.905689319990196e-06
985,14,4.5566375399885624e-06
986,13,4.23116342998938e-06
987,19,6.184008089984478e-06
988,13,4.23116342998938e-06
989,13,4.23116342998938e-06
990,11,3.5802152099910138e-06
991,17,5.533059869986112e-06
992,20,6.5094821999836615e-06
993,23,7.48590452998121e-06
994,11,3.5802152099910138e-06
995,12,3.905689319990196e-06
996,23,7.48590452998121e-06
997,10,3.2547410999918307e-06
998,6,1.952844659995098e-06
999,18,5.8585339799852954e-06
1000,17,5.533059869986112e-06
1001,17,5.533059869986112e-06
1002,17,5.533059869986112e-06
1003,13,4.23116342998938e-06
1004,13,4.23116342998938e-06
1005,18,5.8585339799852954e-06
1006,14,4.5566375399885624e-06
1007,10,3.2547410999918307e-06
1008,17,5.533059869986112e-06
1009,10,3.2547410999918307e-06
1010,11,3.5802152099910138e-06
1011,10,3.2547410999918307e-06
1012,14,4.5566375399885624e-06
1013,7,2.2783187699942812e-06
1014,12,3.905689319990196e-06
1015,9,2.9292669899926477e-06
1016,14,4.5566375399885624e-06
1017,14,4.5566375399885624e-06
1018,3,9.76422329997549e-07
1019,8,2.6037928799934647e-06
1020,11,3.5802152099910138e-06
1021,18,5.8585339799852954e-06
1022,10,3.2547410999918307e-06
1023,10,3.2547410999918307e-06
1024,14,4.5566375399885624e-06
1025,11,3.5802152099910138e-06
1026,14,4.5566375399885624e-06
1027,8,2.6037928799934647e-06
1028,14,4.5566375399885624e-06
1029,7,2.2783187699942812e-06
1030,8,2.6037928799934647e-06
1031,4,1.3018964399967323e-06
1032,3,9.76422329997549e-07
1033,5,1.6273705499959154e-06
1034,9,2.9292669899926477e-06
1035,7,2.2783187699942812e-06
1036,8,2.6037928799934647e-06
1037,9,2.9292669899926477e-06
1038,6,1.952844659995098e-06
1039,8,2.6037928799934647e-06
1040,13,4.23116342998938e-06
1041,10,3.2547410999918307e-06
1042,9,2.9292669899926477e-06
1043,12,3.905689319990196e-06
1044,12,3.905689319990196e-06
1045,12,3.905689319990196e-06
1046,8,2.6037928799934647e-06
1047,4,1.3018964399967323e-06
1048,8,2.6037928799934647e-06
1049,6,1.952844659995098e-06
1050,12,3.905689319990196e-06
1051,8,2.6037928799934647e-06
1052,6,1.952844659995098e-06
1053,5,1.6273705499959154e-06
1054,6,1.952844659995098e-06
1055,9,2.9292669899926477e-06
1056,10,3.2547410999918307e-06
1057,15,4.882111649987746e-06
1058,5,1.6273705499959154e-06
1059,8,2.6037928799934647e-06
1060,9,2.9292669899926477e-06
1061,10,3.2547410999918307e-06
1062,7,2.2783187699942812e-06
1063,4,1.3018964399967323e-06
1064,6,1.952844659995098e-06
1065,4,1.3018964399967323e-06
1066,10,3.2547410999918307e-06
1067,8,2.6037928799934647e-06
1068,12,3.905689319990196e-06
1069,3,9.76422329997549e-07
1070,8,2.6037928799934647e-06
1071,8,2.6037928799934647e-06
1072,3,9.76422329997549e-07
1073,7,2.2783187699942812e-06
1074,10,3.2547410999918307e-06
1075,9,2.9292669899926477e-06
1076,5,1.6273705499959154e-06
1077,11,3.5802152099910138e-06
1078,10,3.2547410999918307e-06
1079,8,2.6037928799934647e-06
1080,5,1.6273705499959154e-06
1081,6,1.952844659995098e-06
1082,8,2.6037928799934647e-06
1083,11,3.5802152099910138e-06
1084,3,9.76422329997549e-07
1085,6,1.952844659995098e-06
1086,3,9.76422329997549e-07
1087,8,2.6037928799934647e-06
1088,13,4.23116342998938e-06
1089,5,1.6273705499959154e-06
1090,5,1.6273705499959154e-06
1091,3,9.76422329997549e-07
1092,4,1.3018964399967323e-06
1093,7,2.2783187699942812e-06
1094,11,3.5802152099910138e-06
1095,5,1.6273705499959154e-06
1096,11,3.5802152099910138e-06
1097,8,2.6037928799934647e-06
1098,3,9.76422329997549e-07
1099,6,1.952844659995098e-06
1100,5,1.6273705499959154e-06
1101,4,1.3018964399967323e-06
1102,4,1.3018964399967323e-06
1103,10,3.2547410999918307e-06
1104,5,1.6273705499959154e-06
1105,3,9.76422329997549e-07
1106,3,9.76422329997549e-07
1107,6,1.952844659995098e-06
1108,7,2.2783187699942812e-06
1109,9,2.9292669899926477e-06
1110,11,3.5802152099910138e-06
1111,5,1.6273705499959154e-06
1112,8,2.6037928799934647e-06
1113,5,1.6273705499959154e-06
1114,7,2.2783187699942812e-06
1115,8,2.6037928799934647e-06
1116,7,2.2783187699942812e-06
1117,9,2.9292669899926477e-06
1118,5,1.6273705499959154e-06
1119,8,2.6037928799934647e-06
1120,3,9.76422329997549e-07
1121,10,3.2547410999918307e-06
1122,10,3.2547410999918307e-06
1123,7,2.2783187699942812e-06
1124,4,1.3018964399967323e-06
1125,5,1.6273705499959154e-06
1126,6,1.952844659995098e-06
1127,6,1.952844659995098e-06
1128,5,1.6273705499959154e-06
1129,14,4.5566375399885624e-06
1130,7,2.2783187699942812e-06
1131,4,1.3018964399967323e-06
1132,6,1.952844659995098e-06
1133,8,2.6037928799934647e-06
1134,4,1.3018964399967323e-06
1135,5,1.6273705499959154e-06
1136,7,2.2783187699942812e-06
1137,4,1.3018964399967323e-06
1138,6,1.952844659995098e-06
1139,5,1.6273705499959154e-06
1140,9,2.9292669899926477e-06
1141,6,1.952844659995098e-06
1142,7,2.2783187699942812e-06
1143,2,6.509482199983662e-07
1144,4,1.3018964399967323e-06
1145,3,9.76422329997549e-07
1146,6,1.952844659995098e-06
1147,9,2.9292669899926477e-06
1148,3,9.76422329997549e-07
1149,7,2.2783187699942812e-06
1150,7,2.2783187699942812e-06
1151,4,1.3018964399967323e-06
1152,5,1.6273705499959154e-06
1153,7,2.2783187699942812e-06
1154,7,2.2783187699942812e-06
1155,6,1.952844659995098e-06
1156,9,2.9292669899926477e-06
1157,7,2.2783187699942812e-06
1158,5,1.6273705499959154e-06
1159,4,1.3018964399967323e-06
1160,2,6.509482199983662e-07
1161,8,2.6037928799934647e-06
1162,5,1.6273705499959154e-06
1163,3,9.76422329997549e-07
1164,6,1.952844659995098e-06
1165,2,6.509482199983662e-07
1166,6,1.952844659995098e-06
1167,9,2.9292669899926477e-06
1168,2,6.509482199983662e-07
1169,3,9.76422329997549e-07
1170,6,1.952844659995098e-06
1171,2,6.509482199983662e-07
1172,3,9.76422329997549e-07
1173,6,1.952844659995098e-06
1174,4,1.3018964399967323e-06
1175,8,2.6037928799934647e-06
1176,3,9.76422329997549e-07
1177,5,1.6273705499959154e-06
1178,8,2.6037928799934647e-06
1179,8,2.6037928799934647e-06
1180,14,4.5566375399885624e-06
1181,6,1.952844659995098e-06
1182,4,1.3018964399967323e-06
1183,6,1.952844659995098e-06
1184,4,1.3018964399967323e-06
1185,2,6.509482199983662e-07
1186,8,2.6037928799934647e-06
1187,6,1.952844659995098e-06
1188,9,2.9292669899926477e-06
1189,6,1.952844659995098e-06
1190,6,1.952844659995098e-06
1191,7,2.2783187699942812e-06
1192,9,2.9292669899926477e-06
1193,5,1.6273705499959154e-06
1194,7,2.2783187699942812e-06
1195,8,2.6037928799934647e-06
1196,5,1.6273705499959154e-06
1197,3,9.76422329997549e-07
1198,3,9.76422329997549e-07
1199,7,2.2783187699942812e-06
1200,8,2.6037928799934647e-06
1201,8,2.6037928799934647e-06
1202,6,1.952844659995098e-06
1204,3,9.76422329997549e-07
1205,2,6.509482199983662e-07
1206,3,9.76422329997549e-07
1207,3,9.76422329997549e-07
1208,10,3.2547410999918307e-06
1209,2,6.509482199983662e-07
1210,4,1.3018964399967323e-06
1211,3,9.76422329997549e-07
1212,5,1.6273705499959154e-06
1213,4,1.3018964399967323e-06
1214,2,6.509482199983662e-07
1215,5,1.6273705499959154e-06
1216,1,3.254741099991831e-07
1217,4,1.3018964399967323e-06
1218,8,2.6037928799934647e-06
1219,5,1.6273705499959154e-06
1220,7,2.2783187699942812e-06
1221,6,1.952844659995098e-06
1222,2,6.509482199983662e-07
1223,2,6.509482199983662e-07
1224,5,1.6273705499959154e-06
1225,2,6.509482199983662e-07
1226,4,1.3018964399967323e-06
1227,4,1.3018964399967323e-06
1228,1,3.254741099991831e-07
1229,6,1.952844659995098e-06
1230,4,1.3018964399967323e-06
1231,3,9.76422329997549e-07
1232,3,9.76422329997549e-07
1233,3,9.76422329997549e-07
1234,5,1.6273705499959154e-06
1235,8,2.6037928799934647e-06
1236,11,3.5802152099910138e-06
1237,2,6.509482199983662e-07
1238,8,2.6037928799934647e-06
1239,5,1.6273705499959154e-06
1240,4,1.3018964399967323e-06
1241,4,1.3018964399967323e-06
1242,2,6.509482199983662e-07
1243,3,9.76422329997549e-07
1244,5,1.6273705499959154e-06
1245,2,6.509482199983662e-07
1246,7,2.2783187699942812e-06
1247,8,2.6037928799934647e-06
1248,3,9.76422329997549e-07
1249,3,9.76422329997549e-07
1250,4,1.3018964399967323e-06
1251,2,6.509482199983662e-07
1252,6,1.952844659995098e-06
1253,1,3.254741099991831e-07
1254,2,6.509482199983662e-07
1255,6,1.952844659995098e-06
1256,5,1.6273705499959154e-06
1257,6,1.952844659995098e-06
1258,5,1.6273705499959154e-06
1259,7,2.2783187699942812e-06
1260,4,1.3018964399967323e-06
1261,3,9.76422329997549e-07
1262,1,3.254741099991831e-07
1263,8,2.6037928799934647e-06
1264,9,2.9292669899926477e-06
1265,3,9.76422329997549e-07
1266,2,6.509482199983662e-07
1267,4,1.3018964399967323e-06
1268,8,2.6037928799934647e-06
1269,5,1.6273705499959154e-06
1270,3,9.76422329997549e-07
1271,5,1.6273705499959154e-06
1272,1,3.254741099991831e-07
1273,3,9.76422329997549e-07
1274,3,9.76422329997549e-07
1275,4,1.3018964399967323e-06
1276,6,1.952844659995098e-06
1277,5,1.6273705499959154e-06
1278,6,1.952844659995098e-06
1279,1,3.254741099991831e-07
1280,4,1.3018964399967323e-06
1281,2,6.509482199983662e-07
1282,3,9.76422329997549e-07
1283,2,6.509482199983662e-07
1284,7,2.2783187699942812e-06
1285,4,1.3018964399967323e-06
1286,2,6.509482199983662e-07
1287,4,1.3018964399967323e-06
1288,4,1.3018964399967323e-06
1289,4,1.3018964399967323e-06
1290,5,1.6273705499959154e-06
1291,3,9.76422329997549e-07
1292,3,9.76422329997549e-07
1293,5,1.6273705499959154e-06
1294,4,1.3018964399967323e-06
1295,6,1.952844659995098e-06
1296,3,9.76422329997549e-07
1297,7,2.2783187699942812e-06
1298,2,6.509482199983662e-07
1299,4,1.3018964399967323e-06
1300,2,6.509482199983662e-07
1301,4,1.3018964399967323e-06
1302,5,1.6273705499959154e-06
1303,2,6.509482199983662e-07
1304,1,3.254741099991831e-07
1305,3,9.76422329997549e-07
1306,5,1.6273705499959154e-06
1307,3,9.76422329997549e-07
1308,5,1.6273705499959154e-06
1309,2,6.509482199983662e-07
1310,4,1.3018964399967323e-06
1311,5,1.6273705499959154e-06
1312,3,9.76422329997549e-07
1315,3,9.76422329997549e-07
1316,1,3.254741099991831e-07
1317,1,3.254741099991831e-07
1318,6,1.952844659995098e-06
1319,1,3.254741099991831e-07
1320,2,6.509482199983662e-07
1321,7,2.2783187699942812e-06
1322,5,1.6273705499959154e-06
1323,1,3.254741099991831e-07
1324,1,3.254741099991831e-07
1325,3,9.76422329997549e-07
1326,4,1.3018964399967323e-06
1327,2,6.509482199983662e-07
1328,3,9.76422329997549e-07
1329,2,6.509482199983662e-07
1330,3,9.76422329997549e-07
1331,4,1.3018964399967323e-06
1332,3,9.76422329997549e-07
1333,5,1.6273705499959154e-06
1334,2,6.509482199983662e-07
1335,1,3.254741099991831e-07
1336,2,6.509482199983662e-07
1337,4,1.3018964399967323e-06
1338,5,1.6273705499959154e-06
1339,4,1.3018964399967323e-06
1340,2,6.509482199983662e-07
1341,3,9.76422329997549e-07
1342,4,1.3018964399967323e-06
1343,5,1.6273705499959154e-06
1344,4,1.3018964399967323e-06
1345,1,3.254741099991831e-07
1346,4,1.3018964399967323e-06
1347,3,9.76422329997549e-07
1348,4,1.3018964399967323e-06
1349,7,2.2783187699942812e-06
1350,2,6.509482199983662e-07
1351,2,6.509482199983662e-07
1352,2,6.509482199983662e-07
1353,3,9.76422329997549e-07
1354,2,6.509482199983662e-07
1356,6,1.952844659995098e-06
1357,4,1.3018964399967323e-06
1358,4,1.3018964399967323e-06
1359,6,1.952844659995098e-06
1360,5,1.6273705499959154e-06
1361,3,9.76422329997549e-07
1362,3,9.76422329997549e-07
1363,6,1.952844659995098e-06
1364,2,6.509482199983662e-07
1365,4,1.3018964399967323e-06
1366,1,3.254741099991831e-07
1367,1,3.254741099991831e-07
1368,6,1.952844659995098e-06
1369,3,9.76422329997549e-07
1370,3,9.76422329997549e-07
1371,2,6.509482199983662e-07
1372,4,1.3018964399967323e-06
1373,4,1.3018964399967323e-06
1374,4,1.3018964399967323e-06
1375,4,1.3018964399967323e-06
1376,1,3.254741099991831e-07
1377,2,6.509482199983662e-07
1379,3,9.76422329997549e-07
1380,1,3.254741099991831e-07
1381,2,6.509482199983662e-07
1383,1,3.254741099991831e-07
1384,4,1.3018964399967323e-06
1385,3,9.76422329997549e-07
1386,5,1.6273705499959154e-06
1387,3,9.76422329997549e-07
1389,4,1.3018964399967323e-06
1390,1,3.254741099991831e-07
1391,5,1.6273705499959154e-06
1392,2,6.509482199983662e-07
1393,2,6.509482199983662e-07
1395,1,3.254741099991831e-07
1396,5,1.6273705499959154e-06
1397,3,9.76422329997549e-07
1398,1,3.254741099991831e-07
1399,9,2.9292669899926477e-06
1400,4,1.3018964399967323e-06
1401,7,2.2783187699942812e-06
1402,4,1.3018964399967323e-06
1403,1,3.254741099991831e-07
1404,4,1.3018964399967323e-06
1405,2,6.509482199983662e-07
1406,1,3.254741099991831e-07
1407,4,1.3018964399967323e-06
1408,6,1.952844659995098e-06
1409,5,1.6273705499959154e-06
1410,3,9.76422329997549e-07
1411,3,9.76422329997549e-07
1412,2,6.509482199983662e-07
1413,3,9.76422329997549e-07
1414,2,6.509482199983662e-07
1415,3,9.76422329997549e-07
1416,2,6.509482199983662e-07
1417,4,1.3018964399967323e-06
1420,2,6.509482199983662e-07
1421,3,9.76422329997549e-07
1422,1,3.254741099991831e-07
1423,3,9.76422329997549e-07
1424,3,9.76422329997549e-07
1425,3,9.76422329997549e-07
1426,1,3.254741099991831e-07
1427,3,9.76422329997549e-07
1428,5,1.6273705499959154e-06
1429,2,6.509482199983662e-07
1430,1,3.254741099991831e-07
1431,1,3.254741099991831e-07
1433,3,9.76422329997549e-07
1434,3,9.76422329997549e-07
1435,2,6.509482199983662e-07
1436,4,1.3018964399967323e-06
1437,3,9.76422329997549e-07
1438,5,1.6273705499959154e-06
1439,5,1.6273705499959154e-06
1440,3,9.76422329997549e-07
1441,1,3.254741099991831e-07
1442,2,6.509482199983662e-07
1443,5,1.6273705499959154e-06
1444,6,1.952844659995098e-06
1445,2,6.509482199983662e-07
1446,1,3.254741099991831e-07
1447,3,9.76422329997549e-07
1448,3,9.76422329997549e-07
1449,2,6.509482199983662e-07
1450,4,1.3018964399967323e-06
1451,5,1.6273705499959154e-06
1453,3,9.76422329997549e-07
1454,2,6.509482199983662e-07
1455,1,3.254741099991831e-07
1456,3,9.76422329997549e-07
1457,4,1.3018964399967323e-06
1458,6,1.952844659995098e-06
1459,1,3.254741099991831e-07
1460,4,1.3018964399967323e-06
1461,3,9.76422329997549e-07
1462,5,1.6273705499959154e-06
1463,4,1.3018964399967323e-06
1464,4,1.3018964399967323e-06
1465,4,1.3018964399967323e-06
1466,1,3.254741099991831e-07
1467,2,6.509482199983662e-07
1468,1,3.254741099991831e-07
1469,5,1.6273705499959154e-06
1470,3,9.76422329997549e-07
1471,1,3.254741099991831e-07
1472,2,6.509482199983662e-07
1473,2,6.509482199983662e-07
1474,1,3.254741099991831e-07
1475,1,3.254741099991831e-07
1476,2,6.509482199983662e-07
1477,6,1.952844659995098e-06
1478,3,9.76422329997549e-07
1479,3,9.76422329997549e-07
1480,1,3.254741099991831e-07
1481,5,1.6273705499959154e-06
1482,3,9.76422329997549e-07
1483,1,3.254741099991831e-07
1484,2,6.509482199983662e-07
1485,4,1.3018964399967323e-06
1486,3,9.76422329997549e-07
1487,3,9.76422329997549e-07
1488,1,3.254741099991831e-07
1489,1,3.254741099991831e-07
1490,2,6.509482199983662e-07
1491,4,1.3018964399967323e-06
1493,1,3.254741099991831e-07
1494,2,6.509482199983662e-07
1495,5,1.6273705499959154e-06
1496,4,1.3018964399967323e-06
1497,2,6.509482199983662e-07
1498,1,3.254741099991831e-07
1500,3,9.76422329997549e-07
1501,4,1.3018964399967323e-06
1502,4,1.3018964399967323e-06
1503,3,9.76422329997549e-07
1504,4,1.3018964399967323e-06
1505,2,6.509482199983662e-07
1506,2,6.509482199983662e-07
1507,3,9.76422329997549e-07
1508,1,3.254741099991831e-07
1509,1,3.254741099991831e-07
1510,3,9.76422329997549e-07
1511,3,9.76422329997549e-07
1512,4,1.3018964399967323e-06
1513,1,3.254741099991831e-07
1515,2,6.509482199983662e-07
1516,3,9.76422329997549e-07
1517,4,1.3018964399967323e-06
1518,4,1.3018964399967323e-06
1519,5,1.6273705499959154e-06
1520,3,9.76422329997549e-07
1521,2,6.509482199983662e-07
1522,2,6.509482199983662e-07
1523,6,1.952844659995098e-06
1524,3,9.76422329997549e-07
1525,3,9.76422329997549e-07
1526,2,6.509482199983662e-07
1528,1,3.254741099991831e-07
1529,3,9.76422329997549e-07
1530,3,9.76422329997549e-07
1531,2,6.509482199983662e-07
1532,2,6.509482199983662e-07
1535,4,1.3018964399967323e-06
1536,2,6.509482199983662e-07
1537,2,6.509482199983662e-07
1538,5,1.6273705499959154e-06
1539,2,6.509482199983662e-07
1540,2,6.509482199983662e-07
1541,2,6.509482199983662e-07
1542,2,6.509482199983662e-07
1543,2,6.509482199983662e-07
1544,1,3.254741099991831e-07
1545,3,9.76422329997549e-07
1547,3,9.76422329997549e-07
1549,4,1.3018964399967323e-06
1550,1,3.254741099991831e-07
1552,1,3.254741099991831e-07
1553,1,3.254741099991831e-07
1554,2,6.509482199983662e-07
1555,5,1.6273705499959154e-06
1556,4,1.3018964399967323e-06
1557,2,6.509482199983662e-07
1558,2,6.509482199983662e-07
1560,2,6.509482199983662e-07
1561,1,3.254741099991831e-07
1562,2,6.509482199983662e-07
1565,2,6.509482199983662e-07
1566,3,9.76422329997549e-07
1567,2,6.509482199983662e-07
1568,5,1.6273705499959154e-06
1569,3,9.76422329997549e-07
1570,1,3.254741099991831e-07
1571,1,3.254741099991831e-07
1573,3,9.76422329997549e-07
1574,3,9.76422329997549e-07
1575,1,3.254741099991831e-07
1576,1,3.254741099991831e-07
1577,3,9.76422329997549e-07
1578,2,6.509482199983662e-07
1579,2,6.509482199983662e-07
1580,3,9.76422329997549e-07
1581,1,3.254741099991831e-07
1582,3,9.76422329997549e-07
1583,1,3.254741099991831e-07
1584,1,3.254741099991831e-07
1585,3,9.76422329997549e-07
1586,2,6.509482199983662e-07
1587,3,9.76422329997549e-07
1588,1,3.254741099991831e-07
1589,3,9.76422329997549e-07
1590,1,3.254741099991831e-07
1591,1,3.254741099991831e-07
1592,1,3.254741099991831e-07
1593,2,6.509482199983662e-07
1595,2,6.509482199983662e-07
1596,1,3.254741099991831e-07
1597,6,1.952844659995098e-06
1598,1,3.254741099991831e-07
1599,2,6.509482199983662e-07
1600,1,3.254741099991831e-07
1602,1,3.254741099991831e-07
1604,3,9.76422329997549e-07
1605,1,3.254741099991831e-07
1606,3,9.76422329997549e-07
1607,2,6.509482199983662e-07
1608,2,6.509482199983662e-07
1609,2,6.509482199983662e-07
1610,2,6.509482199983662e-07
1613,1,3.254741099991831e-07
1614,7,2.2783187699942812e-06
1615,2,6.509482199983662e-07
1617,3,9.76422329997549e-07
1618,1,3.254741099991831e-07
1619,1,3.254741099991831e-07
1620,1,3.254741099991831e-07
1621,4,1.3018964399967323e-06
1623,4,1.3018964399967323e-06
1624,4,1.3018964399967323e-06
1625,2,6.509482199983662e-07
1627,2,6.509482199983662e-07
1628,2,6.509482199983662e-07
1630,1,3.254741099991831e-07
1631,2,6.509482199983662e-07
1632,2,6.509482199983662e-07
1633,1,3.254741099991831e-07
1634,2,6.509482199983662e-07
1635,4,1.3018964399967323e-06
1636,2,6.509482199983662e-07
1638,3,9.76422329997549e-07
1639,1,3.254741099991831e-07
1641,1,3.254741099991831e-07
1642,4,1.3018964399967323e-06
1644,3,9.76422329997549e-07
1645,1,3.254741099991831e-07
1646,3,9.76422329997549e-07
1647,2,6.509482199983662e-07
1648,3,9.76422329997549e-07
1650,3,9.76422329997549e-07
1653,2,6.509482199983662e-07
1654,1,3.254741099991831e-07
1655,1,3.254741099991831e-07
1656,1,3.254741099991831e-07
1657,1,3.254741099991831e-07
1658,1,3.254741099991831e-07
1659,5,1.6273705499959154e-06
1660,2,6.509482199983662e-07
1661,1,3.254741099991831e-07
1662,2,6.509482199983662e-07
1663,1,3.254741099991831e-07
1664,3,9.76422329997549e-07
1665,3,9.76422329997549e-07
1666,3,9.76422329997549e-07
1667,2,6.509482199983662e-07
1668,3,9.76422329997549e-07
1669,1,3.254741099991831e-07
1670,2,6.509482199983662e-07
1671,1,3.254741099991831e-07
1672,1,3.254741099991831e-07
1674,2,6.509482199983662e-07
1675,1,3.254741099991831e-07
1676,1,3.254741099991831e-07
1677,1,3.254741099991831e-07
1678,4,1.3018964399967323e-06
1679,2,6.509482199983662e-07
1680,1,3.254741099991831e-07
1682,2,6.509482199983662e-07
1683,1,3.254741099991831e-07
1684,3,9.76422329997549e-07
1685,2,6.509482199983662e-07
1686,3,9.76422329997549e-07
1687,2,6.509482199983662e-07
1688,1,3.254741099991831e-07
1689,3,9.76422329997549e-07
1690,1,3.254741099991831e-07
1691,2,6.509482199983662e-07
1692,1,3.254741099991831e-07
1693,2,6.509482199983662e-07
1694,1,3.254741099991831e-07
1695,1,3.254741099991831e-07
1696,3,9.76422329997549e-07
1697,1,3.254741099991831e-07
1698,2,6.509482199983662e-07
1699,2,6.509482199983662e-07
1700,1,3.254741099991831e-07
1702,2,6.509482199983662e-07
1703,2,6.509482199983662e-07
1704,4,1.3018964399967323e-06
1705,2,6.509482199983662e-07
1707,1,3.254741099991831e-07
1708,2,6.509482199983662e-07
1709,2,6.509482199983662e-07
1710,1,3.254741099991831e-07
1712,3,9.76422329997549e-07
1713,2,6.509482199983662e-07
1714,2,6.509482199983662e-07
1715,2,6.509482199983662e-07
1716,1,3.254741099991831e-07
1717,2,6.509482199983662e-07
1718,1,3.254741099991831e-07
1719,2,6.509482199983662e-07
1720,3,9.76422329997549e-07
1722,2,6.509482199983662e-07
1723,4,1.3018964399967323e-06
1725,1,3.254741099991831e-07
1726,2,6.509482199983662e-07
1728,1,3.254741099991831e-07
1729,4,1.3018964399967323e-06
1730,1,3.254741099991831e-07
1731,2,6.509482199983662e-07
1732,1,3.254741099991831e-07
1735,1,3.254741099991831e-07
1736,3,9.76422329997549e-07
1737,2,6.509482199983662e-07
1738,3,9.76422329997549e-07
1739,1,3.254741099991831e-07
1740,3,9.76422329997549e-07
1741,1,3.254741099991831e-07
1744,2,6.509482199983662e-07
1745,1,3.254741099991831e-07
1746,2,6.509482199983662e-07
1748,1,3.254741099991831e-07
1749,3,9.76422329997549e-07
1750,2,6.509482199983662e-07
1751,1,3.254741099991831e-07
1753,1,3.254741099991831e-07
1755,1,3.254741099991831e-07
1756,1,3.254741099991831e-07
1757,3,9.76422329997549e-07
1758,3,9.76422329997549e-07
1759,2,6.509482199983662e-07
1760,1,3.254741099991831e-07
1761,3,9.76422329997549e-07
1762,2,6.509482199983662e-07
1765,1,3.254741099991831e-07
1766,1,3.254741099991831e-07
1767,4,1.3018964399967323e-06
1768,3,9.76422329997549e-07
1769,1,3.254741099991831e-07
1770,1,3.254741099991831e-07
1773,1,3.254741099991831e-07
1774,3,9.76422329997549e-07
1777,6,1.952844659995098e-06
1779,2,6.509482199983662e-07
1780,1,3.254741099991831e-07
1781,2,6.509482199983662e-07
1783,1,3.254741099991831e-07
1785,1,3.254741099991831e-07
1786,3,9.76422329997549e-07
1787,1,3.254741099991831e-07
1788,1,3.254741099991831e-07
1789,1,3.254741099991831e-07
1791,2,6.509482199983662e-07
1792,2,6.509482199983662e-07
1793,2,6.509482199983662e-07
1795,2,6.509482199983662e-07
1797,3,9.76422329997549e-07
1798,1,3.254741099991831e-07
1800,4,1.3018964399967323e-06
1801,1,3.254741099991831e-07
1803,6,1.952844659995098e-06
1805,3,9.76422329997549e-07
1807,1,3.254741099991831e-07
1808,2,6.509482199983662e-07
1809,4,1.3018964399967323e-06
1811,2,6.509482199983662e-07
1812,1,3.254741099991831e-07
1813,5,1.6273705499959154e-06
1814,3,9.76422329997549e-07
1815,2,6.509482199983662e-07
1817,2,6.509482199983662e-07
1819,1,3.254741099991831e-07
1820,1,3.254741099991831e-07
1821,1,3.254741099991831e-07
1822,3,9.76422329997549e-07
1823,1,3.254741099991831e-07
1824,4,1.3018964399967323e-06
1825,5,1.6273705499959154e-06
1826,1,3.254741099991831e-07
1827,1,3.254741099991831e-07
1828,4,1.3018964399967323e-06
1832,2,6.509482199983662e-07
1833,3,9.76422329997549e-07
1835,1,3.254741099991831e-07
1836,1,3.254741099991831e-07
1837,2,6.509482199983662e-07
1838,3,9.76422329997549e-07
1840,1,3.254741099991831e-07
1841,1,3.254741099991831e-07
1842,2,6.509482199983662e-07
1843,5,1.6273705499959154e-06
1845,3,9.76422329997549e-07
1846,3,9.76422329997549e-07
1847,2,6.509482199983662e-07
1849,2,6.509482199983662e-07
1850,2,6.509482199983662e-07
1851,2,6.509482199983662e-07
1852,1,3.254741099991831e-07
1855,2,6.509482199983662e-07
1856,1,3.254741099991831e-07
1858,3,9.76422329997549e-07
1859,1,3.254741099991831e-07
1862,2,6.509482199983662e-07
1864,3,9.76422329997549e-07
1867,1,3.254741099991831e-07
1868,2,6.509482199983662e-07
1869,1,3.254741099991831e-07
1870,1,3.254741099991831e-07
1871,1,3.254741099991831e-07
1872,1,3.254741099991831e-07
1873,1,3.254741099991831e-07
1874,1,3.254741099991831e-07
1876,1,3.254741099991831e-07
1877,1,3.254741099991831e-07
1878,1,3.254741099991831e-07
1879,1,3.254741099991831e-07
1880,1,3.254741099991831e-07
1881,2,6.509482199983662e-07
1882,1,3.254741099991831e-07
1883,2,6.509482199983662e-07
1885,2,6.509482199983662e-07
1886,2,6.509482199983662e-07
1887,1,3.254741099991831e-07
1888,1,3.254741099991831e-07
1889,1,3.254741099991831e-07
1890,1,3.254741099991831e-07
1891,3,9.76422329997549e-07
1892,1,3.254741099991831e-07
1893,1,3.254741099991831e-07
1896,2,6.509482199983662e-07
1897,1,3.254741099991831e-07
1898,1,3.254741099991831e-07
1899,1,3.254741099991831e-07
1900,2,6.509482199983662e-07
1905,1,3.254741099991831e-07
1906,3,9.76422329997549e-07
1907,1,3.254741099991831e-07
1908,1,3.254741099991831e-07
1909,2,6.509482199983662e-07
1911,2,6.509482199983662e-07
1912,1,3.254741099991831e-07
1913,2,6.509482199983662e-07
1916,3,9.76422329997549e-07
1918,1,3.254741099991831e-07
1921,2,6.509482199983662e-07
1922,3,9.76422329997549e-07
1923,1,3.254741099991831e-07
1924,2,6.509482199983662e-07
1925,2,6.509482199983662e-07
1926,1,3.254741099991831e-07
1935,3,9.76422329997549e-07
1937,1,3.254741099991831e-07
1938,1,3.254741099991831e-07
1939,2,6.509482199983662e-07
1941,1,3.254741099991831e-07
1942,1,3.254741099991831e-07
1943,2,6.509482199983662e-07
1946,3,9.76422329997549e-07
1947,3,9.76422329997549e-07
1949,2,6.509482199983662e-07
1951,1,3.254741099991831e-07
1952,2,6.509482199983662e-07
1953,2,6.509482199983662e-07
1954,2,6.509482199983662e-07
1956,2,6.509482199983662e-07
1958,1,3.254741099991831e-07
1961,4,1.3018964399967323e-06
1962,2,6.509482199983662e-07
1963,2,6.509482199983662e-07
1965,1,3.254741099991831e-07
1968,2,6.509482199983662e-07
1969,2,6.509482199983662e-07
1970,1,3.254741099991831e-07
1972,2,6.509482199983662e-07
1976,3,9.76422329997549e-07
1977,1,3.254741099991831e-07
1978,2,6.509482199983662e-07
1979,3,9.76422329997549e-07
1981,1,3.254741099991831e-07
1982,2,6.509482199983662e-07
1983,2,6.509482199983662e-07
1984,1,3.254741099991831e-07
1988,2,6.509482199983662e-07
1989,1,3.254741099991831e-07
1991,1,3.254741099991831e-07
1992,1,3.254741099991831e-07
1995,2,6.509482199983662e-07
1996,1,3.254741099991831e-07
1999,1,3.254741099991831e-07
2000,1,3.254741099991831e-07
2002,3,9.76422329997549e-07
2004,1,3.254741099991831e-07
2006,2,6.509482199983662e-07
2009,1,3.254741099991831e-07
2011,1,3.254741099991831e-07
2013,1,3.254741099991831e-07
2014,3,9.76422329997549e-07
2015,1,3.254741099991831e-07
2016,1,3.254741099991831e-07
2018,3,9.76422329997549e-07
2019,2,6.509482199983662e-07
2021,1,3.254741099991831e-07
2024,1,3.254741099991831e-07
2025,3,9.76422329997549e-07
2027,1,3.254741099991831e-07
2028,1,3.254741099991831e-07
2029,1,3.254741099991831e-07
2031,2,6.509482199983662e-07
2033,1,3.254741099991831e-07
2038,1,3.254741099991831e-07
2040,1,3.254741099991831e-07
2042,2,6.509482199983662e-07
2045,1,3.254741099991831e-07
2046,1,3.254741099991831e-07
2048,2,6.509482199983662e-07
2049,1,3.254741099991831e-07
2051,1,3.254741099991831e-07
2057,1,3.254741099991831e-07
2059,2,6.509482199983662e-07
2060,1,3.254741099991831e-07
2061,2,6.509482199983662e-07
2062,1,3.254741099991831e-07
2063,1,3.254741099991831e-07
2065,2,6.509482199983662e-07
2067,1,3.254741099991831e-07
2068,1,3.254741099991831e-07
2070,1,3.254741099991831e-07
2072,3,9.76422329997549e-07
2073,2,6.509482199983662e-07
2074,2,6.509482199983662e-07
2075,1,3.254741099991831e-07
2076,1,3.254741099991831e-07
2077,1,3.254741099991831e-07
2078,4,1.3018964399967323e-06
2079,1,3.254741099991831e-07
2080,3,9.76422329997549e-07
2081,1,3.254741099991831e-07
2085,2,6.509482199983662e-07
2086,3,9.76422329997549e-07
2088,1,3.254741099991831e-07
2089,1,3.254741099991831e-07
2090,1,3.254741099991831e-07
2091,1,3.254741099991831e-07
2092,3,9.76422329997549e-07
2095,3,9.76422329997549e-07
2096,1,3.254741099991831e-07
2097,1,3.254741099991831e-07
2099,2,6.509482199983662e-07
2102,3,9.76422329997549e-07
2103,1,3.254741099991831e-07
2104,1,3.254741099991831e-07
2107,1,3.254741099991831e-07
2110,1,3.254741099991831e-07
2113,2,6.509482199983662e-07
2114,1,3.254741099991831e-07
2116,1,3.254741099991831e-07
2119,1,3.254741099991831e-07
2120,1,3.254741099991831e-07
2121,1,3.254741099991831e-07
2122,1,3.254741099991831e-07
2128,1,3.254741099991831e-07
2129,2,6.509482199983662e-07
2131,2,6.509482199983662e-07
2132,1,3.254741099991831e-07
2135,1,3.254741099991831e-07
2136,1,3.254741099991831e-07
2137,1,3.254741099991831e-07
2138,1,3.254741099991831e-07
2140,1,3.254741099991831e-07
2141,2,6.509482199983662e-07
2143,1,3.254741099991831e-07
2144,1,3.254741099991831e-07
2145,1,3.254741099991831e-07
2147,1,3.254741099991831e-07
2148,2,6.509482199983662e-07
2151,3,9.76422329997549e-07
2152,1,3.254741099991831e-07
2153,1,3.254741099991831e-07
2155,1,3.254741099991831e-07
2156,1,3.254741099991831e-07
2159,1,3.254741099991831e-07
2164,1,3.254741099991831e-07
2165,1,3.254741099991831e-07
2166,1,3.254741099991831e-07
2167,1,3.254741099991831e-07
2168,1,3.254741099991831e-07
2169,1,3.254741099991831e-07
2170,1,3.254741099991831e-07
2171,3,9.76422329997549e-07
2173,1,3.254741099991831e-07
2175,2,6.509482199983662e-07
2177,1,3.254741099991831e-07
2180,1,3.254741099991831e-07
2181,1,3.254741099991831e-07
2182,2,6.509482199983662e-07
2187,2,6.509482199983662e-07
2188,1,3.254741099991831e-07
2190,2,6.509482199983662e-07
2193,2,6.509482199983662e-07
2195,1,3.254741099991831e-07
2198,1,3.254741099991831e-07
2203,1,3.254741099991831e-07
2205,1,3.254741099991831e-07
2207,1,3.254741099991831e-07
2210,1,3.254741099991831e-07
2212,3,9.76422329997549e-07
2213,1,3.254741099991831e-07
2214,1,3.254741099991831e-07
2217,1,3.254741099991831e-07
2218,1,3.254741099991831e-07
2219,1,3.254741099991831e-07
2220,2,6.509482199983662e-07
2221,1,3.254741099991831e-07
2224,1,3.254741099991831e-07
2228,1,3.254741099991831e-07
2231,2,6.509482199983662e-07
2235,1,3.254741099991831e-07
2237,2,6.509482199983662e-07
2244,1,3.254741099991831e-07
2248,1,3.254741099991831e-07
2249,2,6.509482199983662e-07
2250,1,3.254741099991831e-07
2255,2,6.509482199983662e-07
2257,1,3.254741099991831e-07
2258,2,6.509482199983662e-07
2259,2,6.509482199983662e-07
2260,1,3.254741099991831e-07
2261,1,3.254741099991831e-07
2263,1,3.254741099991831e-07
2265,1,3.254741099991831e-07
2266,1,3.254741099991831e-07
2268,1,3.254741099991831e-07
2270,1,3.254741099991831e-07
2272,5,1.6273705499959154e-06
2273,1,3.254741099991831e-07
2274,2,6.509482199983662e-07
2275,1,3.254741099991831e-07
2277,1,3.254741099991831e-07
2279,1,3.254741099991831e-07
2283,1,3.254741099991831e-07
2285,2,6.509482199983662e-07
2286,1,3.254741099991831e-07
2287,1,3.254741099991831e-07
2290,1,3.254741099991831e-07
2294,2,6.509482199983662e-07
2295,1,3.254741099991831e-07
2297,1,3.254741099991831e-07
2299,2,6.509482199983662e-07
2300,1,3.254741099991831e-07
2301,1,3.254741099991831e-07
2302,1,3.254741099991831e-07
2303,2,6.509482199983662e-07
2304,1,3.254741099991831e-07
2306,2,6.509482199983662e-07
2307,1,3.254741099991831e-07
2310,2,6.509482199983662e-07
2311,1,3.254741099991831e-07
2312,1,3.254741099991831e-07
2315,1,3.254741099991831e-07
2316,1,3.254741099991831e-07
2318,2,6.509482199983662e-07
2320,1,3.254741099991831e-07
2323,1,3.254741099991831e-07
2328,1,3.254741099991831e-07
2329,1,3.254741099991831e-07
2333,2,6.509482199983662e-07
2334,1,3.254741099991831e-07
2335,1,3.254741099991831e-07
2337,1,3.254741099991831e-07
2338,2,6.509482199983662e-07
2339,1,3.254741099991831e-07
2341,2,6.509482199983662e-07
2343,1,3.254741099991831e-07
2344,2,6.509482199983662e-07
2345,1,3.254741099991831e-07
2346,1,3.254741099991831e-07
2347,1,3.254741099991831e-07
2348,2,6.509482199983662e-07
2351,1,3.254741099991831e-07
2352,1,3.254741099991831e-07
2355,1,3.254741099991831e-07
2356,1,3.254741099991831e-07
2359,1,3.254741099991831e-07
2360,1,3.254741099991831e-07
2362,1,3.254741099991831e-07
2367,2,6.509482199983662e-07
2370,1,3.254741099991831e-07
2376,3,9.76422329997549e-07
2378,1,3.254741099991831e-07
2379,2,6.509482199983662e-07
2380,1,3.254741099991831e-07
2383,2,6.509482199983662e-07
2384,1,3.254741099991831e-07
2387,1,3.254741099991831e-07
2389,1,3.254741099991831e-07
2391,1,3.254741099991831e-07
2393,1,3.254741099991831e-07
2394,1,3.254741099991831e-07
2395,1,3.254741099991831e-07
2396,1,3.254741099991831e-07
2397,1,3.254741099991831e-07
2398,1,3.254741099991831e-07
2401,1,3.254741099991831e-07
2403,3,9.76422329997549e-07
2407,1,3.254741099991831e-07
2408,2,6.509482199983662e-07
2411,1,3.254741099991831e-07
2415,2,6.509482199983662e-07
2416,1,3.254741099991831e-07
2417,2,6.509482199983662e-07
2418,1,3.254741099991831e-07
2420,1,3.254741099991831e-07
2424,1,3.254741099991831e-07
2425,1,3.254741099991831e-07
2434,1,3.254741099991831e-07
2436,1,3.254741099991831e-07
2437,2,6.509482199983662e-07
2439,1,3.254741099991831e-07
2440,1,3.254741099991831e-07
2441,1,3.254741099991831e-07
2443,2,6.509482199983662e-07
2444,1,3.254741099991831e-07
2445,1,3.254741099991831e-07
2446,1,3.254741099991831e-07
2448,1,3.254741099991831e-07
2452,1,3.254741099991831e-07
2453,1,3.254741099991831e-07
2456,1,3.254741099991831e-07
2458,1,3.254741099991831e-07
2460,1,3.254741099991831e-07
2462,2,6.509482199983662e-07
2464,3,9.76422329997549e-07
2468,1,3.254741099991831e-07
2472,2,6.509482199983662e-07
2474,1,3.254741099991831e-07
2478,1,3.254741099991831e-07
2481,1,3.254741099991831e-07
2483,1,3.254741099991831e-07
2486,1,3.254741099991831e-07
2487,1,3.254741099991831e-07
2489,2,6.509482199983662e-07
2491,1,3.254741099991831e-07
2497,1,3.254741099991831e-07
2498,1,3.254741099991831e-07
2501,3,9.76422329997549e-07
2503,1,3.254741099991831e-07
2504,2,6.509482199983662e-07
2508,1,3.254741099991831e-07
2509,2,6.509482199983662e-07
2510,1,3.254741099991831e-07
2511,1,3.254741099991831e-07
2516,1,3.254741099991831e-07
2520,2,6.509482199983662e-07
2530,1,3.254741099991831e-07
2535,1,3.254741099991831e-07
2536,1,3.254741099991831e-07
2540,1,3.254741099991831e-07
2542,1,3.254741099991831e-07
2544,1,3.254741099991831e-07
2546,1,3.254741099991831e-07
2549,1,3.254741099991831e-07
2551,1,3.254741099991831e-07
2555,1,3.254741099991831e-07
2557,1,3.254741099991831e-07
2558,2,6.509482199983662e-07
2561,1,3.254741099991831e-07
2562,1,3.254741099991831e-07
2563,1,3.254741099991831e-07
2565,2,6.509482199983662e-07
2566,1,3.254741099991831e-07
2567,2,6.509482199983662e-07
2568,1,3.254741099991831e-07
2570,2,6.509482199983662e-07
2574,1,3.254741099991831e-07
2577,2,6.509482199983662e-07
2582,1,3.254741099991831e-07
2583,1,3.254741099991831e-07
2586,1,3.254741099991831e-07
2591,1,3.254741099991831e-07
2592,1,3.254741099991831e-07
2593,1,3.254741099991831e-07
2598,1,3.254741099991831e-07
2601,1,3.254741099991831e-07
2602,1,3.254741099991831e-07
2603,1,3.254741099991831e-07
2609,1,3.254741099991831e-07
2610,1,3.254741099991831e-07
2611,1,3.254741099991831e-07
2620,1,3.254741099991831e-07
2623,1,3.254741099991831e-07
2624,2,6.509482199983662e-07
2625,1,3.254741099991831e-07
2627,1,3.254741099991831e-07
2628,1,3.254741099991831e-07
2630,1,3.254741099991831e-07
2632,1,3.254741099991831e-07
2633,1,3.254741099991831e-07
2634,1,3.254741099991831e-07
2635,1,3.254741099991831e-07
2639,1,3.254741099991831e-07
2644,1,3.254741099991831e-07
2645,1,3.254741099991831e-07
2650,1,3.254741099991831e-07
2652,1,3.254741099991831e-07
2657,1,3.254741099991831e-07
2662,1,3.254741099991831e-07
2663,1,3.254741099991831e-07
2667,1,3.254741099991831e-07
2673,1,3.254741099991831e-07
2674,1,3.254741099991831e-07
2676,1,3.254741099991831e-07
2682,1,3.254741099991831e-07
2685,1,3.254741099991831e-07
2694,1,3.254741099991831e-07
2695,1,3.254741099991831e-07
2696,1,3.254741099991831e-07
2697,1,3.254741099991831e-07
2699,3,9.76422329997549e-07
2702,1,3.254741099991831e-07
2703,1,3.254741099991831e-07
2705,1,3.254741099991831e-07
2706,1,3.254741099991831e-07
2707,1,3.254741099991831e-07
2709,1,3.254741099991831e-07
2710,1,3.254741099991831e-07
2714,1,3.254741099991831e-07
2718,1,3.254741099991831e-07
2721,1,3.254741099991831e-07
2724,1,3.254741099991831e-07
2727,1,3.254741099991831e-07
2728,1,3.254741099991831e-07
2733,1,3.254741099991831e-07
2734,1,3.254741099991831e-07
2735,2,6.509482199983662e-07
2740,1,3.254741099991831e-07
2741,1,3.254741099991831e-07
2742,1,3.254741099991831e-07
2748,1,3.254741099991831e-07
2751,1,3.254741099991831e-07
2757,1,3.254741099991831e-07
2759,1,3.254741099991831e-07
2760,1,3.254741099991831e-07
2761,1,3.254741099991831e-07
2763,1,3.254741099991831e-07
2770,1,3.254741099991831e-07
2772,2,6.509482199983662e-07
2773,2,6.509482199983662e-07
2786,1,3.254741099991831e-07
2790,1,3.254741099991831e-07
2795,1,3.254741099991831e-07
2802,2,6.509482199983662e-07
2804,2,6.509482199983662e-07
2809,1,3.254741099991831e-07
2811,1,3.254741099991831e-07
2815,1,3.254741099991831e-07
2820,1,3.254741099991831e-07
2828,1,3.254741099991831e-07
2830,1,3.254741099991831e-07
2836,1,3.254741099991831e-07
2837,1,3.254741099991831e-07
2838,1,3.254741099991831e-07
2840,1,3.254741099991831e-07
2842,1,3.254741099991831e-07
2846,1,3.254741099991831e-07
2849,1,3.254741099991831e-07
2851,1,3.254741099991831e-07
2852,1,3.254741099991831e-07
2853,1,3.254741099991831e-07
2854,1,3.254741099991831e-07
2855,1,3.254741099991831e-07
2857,1,3.254741099991831e-07
2858,1,3.254741099991831e-07
2867,1,3.254741099991831e-07
2876,1,3.254741099991831e-07
2883,1,3.254741099991831e-07
2884,1,3.254741099991831e-07
2885,1,3.254741099991831e-07
2889,2,6.509482199983662e-07
2890,2,6.509482199983662e-07
2894,1,3.254741099991831e-07
2895,2,6.509482199983662e-07
2897,1,3.254741099991831e-07
2904,1,3.254741099991831e-07
2906,1,3.254741099991831e-07
2914,1,3.254741099991831e-07
2916,1,3.254741099991831e-07
2918,1,3.254741099991831e-07
2923,1,3.254741099991831e-07
2924,1,3.254741099991831e-07
2926,1,3.254741099991831e-07
2928,1,3.254741099991831e-07
2936,1,3.254741099991831e-07
2938,1,3.254741099991831e-07
2940,2,6.509482199983662e-07
2941,1,3.254741099991831e-07
2953,1,3.254741099991831e-07
2956,1,3.254741099991831e-07
2957,1,3.254741099991831e-07
2960,1,3.254741099991831e-07
2961,1,3.254741099991831e-07
2963,1,3.254741099991831e-07
2964,1,3.254741099991831e-07
2966,1,3.254741099991831e-07
2968,1,3.254741099991831e-07
2969,1,3.254741099991831e-07
2979,1,3.254741099991831e-07
2980,1,3.254741099991831e-07
2982,1,3.254741099991831e-07
2988,1,3.254741099991831e-07
2995,2,6.509482199983662e-07
2997,1,3.254741099991831e-07
2999,1,3.254741099991831e-07
3005,1,3.254741099991831e-07
3006,1,3.254741099991831e-07
3012,1,3.254741099991831e-07
3014,1,3.254741099991831e-07
3015,1,3.254741099991831e-07
3019,1,3.254741099991831e-07
3021,1,3.254741099991831e-07
3022,1,3.254741099991831e-07
3028,1,3.254741099991831e-07
3029,1,3.254741099991831e-07
3030,1,3.254741099991831e-07
3035,1,3.254741099991831e-07
3038,1,3.254741099991831e-07
3041,2,6.509482199983662e-07
3048,1,3.254741099991831e-07
3049,1,3.254741099991831e-07
3055,1,3.254741099991831e-07
3056,1,3.254741099991831e-07
3059,1,3.254741099991831e-07
3061,1,3.254741099991831e-07
3062,1,3.254741099991831e-07
3070,1,3.254741099991831e-07
3075,4,1.3018964399967323e-06
3077,1,3.254741099991831e-07
3079,1,3.254741099991831e-07
3082,1,3.254741099991831e-07
3084,1,3.254741099991831e-07
3085,1,3.254741099991831e-07
3098,1,3.254741099991831e-07
3100,1,3.254741099991831e-07
3104,1,3.254741099991831e-07
3109,1,3.254741099991831e-07
3115,1,3.254741099991831e-07
3117,1,3.254741099991831e-07
3118,1,3.254741099991831e-07
3126,1,3.254741099991831e-07
3127,2,6.509482199983662e-07
3128,1,3.254741099991831e-07
3134,1,3.254741099991831e-07
3140,1,3.254741099991831e-07
3145,1,3.254741099991831e-07
3148,1,3.254741099991831e-07
3157,1,3.254741099991831e-07
3158,1,3.254741099991831e-07
3159,1,3.254741099991831e-07
3161,1,3.254741099991831e-07
3172,1,3.254741099991831e-07
3173,1,3.254741099991831e-07
3175,1,3.254741099991831e-07
3185,1,3.254741099991831e-07
3188,1,3.254741099991831e-07
3191,2,6.509482199983662e-07
3192,1,3.254741099991831e-07
3194,1,3.254741099991831e-07
3195,2,6.509482199983662e-07
3203,1,3.254741099991831e-07
3219,1,3.254741099991831e-07
3230,2,6.509482199983662e-07
3231,1,3.254741099991831e-07
3234,1,3.254741099991831e-07
3236,1,3.254741099991831e-07
3241,1,3.254741099991831e-07
3242,1,3.254741099991831e-07
3244,1,3.254741099991831e-07
3253,1,3.254741099991831e-07
3257,1,3.254741099991831e-07
3267,1,3.254741099991831e-07
3272,1,3.254741099991831e-07
3284,1,3.254741099991831e-07
3289,1,3.254741099991831e-07
3290,1,3.254741099991831e-07
3293,1,3.254741099991831e-07
3297,1,3.254741099991831e-07
3298,2,6.509482199983662e-07
3305,1,3.254741099991831e-07
3309,1,3.254741099991831e-07
3311,2,6.509482199983662e-07
3321,2,6.509482199983662e-07
3325,1,3.254741099991831e-07
3326,1,3.254741099991831e-07
3328,1,3.254741099991831e-07
3344,1,3.254741099991831e-07
3347,1,3.254741099991831e-07
3364,1,3.254741099991831e-07
3371,1,3.254741099991831e-07
3378,1,3.254741099991831e-07
3385,1,3.254741099991831e-07
3388,2,6.509482199983662e-07
3390,2,6.509482199983662e-07
3391,1,3.254741099991831e-07
3393,1,3.254741099991831e-07
3400,1,3.254741099991831e-07
3401,2,6.509482199983662e-07
3416,2,6.509482199983662e-07
3425,2,6.509482199983662e-07
3430,1,3.254741099991831e-07
3431,2,6.509482199983662e-07
3432,1,3.254741099991831e-07
3436,1,3.254741099991831e-07
3440,1,3.254741099991831e-07
3444,1,3.254741099991831e-07
3456,1,3.254741099991831e-07
3465,1,3.254741099991831e-07
3469,1,3.254741099991831e-07
3471,1,3.254741099991831e-07
3475,1,3.254741099991831e-07
3478,1,3.254741099991831e-07
3479,1,3.254741099991831e-07
3483,2,6.509482199983662e-07
3490,1,3.254741099991831e-07
3496,1,3.254741099991831e-07
3497,1,3.254741099991831e-07
3515,1,3.254741099991831e-07
3521,1,3.254741099991831e-07
3522,1,3.254741099991831e-07
3533,1,3.254741099991831e-07
3534,1,3.254741099991831e-07
3537,1,3.254741099991831e-07
3538,1,3.254741099991831e-07
3542,1,3.254741099991831e-07
3548,1,3.254741099991831e-07
3555,1,3.254741099991831e-07
3562,2,6.509482199983662e-07
3564,1,3.254741099991831e-07
3565,1,3.254741099991831e-07
3566,2,6.509482199983662e-07
3567,1,3.254741099991831e-07
3573,1,3.254741099991831e-07
3580,1,3.254741099991831e-07
3582,1,3.254741099991831e-07
3591,1,3.254741099991831e-07
3594,1,3.254741099991831e-07
3601,1,3.254741099991831e-07
3608,1,3.254741099991831e-07
3612,1,3.254741099991831e-07
3613,1,3.254741099991831e-07
3622,1,3.254741099991831e-07
3624,1,3.254741099991831e-07
3628,1,3.254741099991831e-07
3633,1,3.254741099991831e-07
3636,1,3.254741099991831e-07
3644,1,3.254741099991831e-07
3651,1,3.254741099991831e-07
3659,1,3.254741099991831e-07
3670,2,6.509482199983662e-07
3671,1,3.254741099991831e-07
3675,1,3.254741099991831e-07
3693,1,3.254741099991831e-07
3696,1,3.254741099991831e-07
3697,1,3.254741099991831e-07
3704,1,3.254741099991831e-07
3705,1,3.254741099991831e-07
3707,1,3.254741099991831e-07
3727,2,6.509482199983662e-07
3735,1,3.254741099991831e-07
3745,1,3.254741099991831e-07
3746,1,3.254741099991831e-07
3747,1,3.254741099991831e-07
3755,1,3.254741099991831e-07
3761,1,3.254741099991831e-07
3772,1,3.254741099991831e-07
3773,1,3.254741099991831e-07
3786,1,3.254741099991831e-07
3789,1,3.254741099991831e-07
3795,1,3.254741099991831e-07
3797,1,3.254741099991831e-07
3798,1,3.254741099991831e-07
3799,1,3.254741099991831e-07
3805,1,3.254741099991831e-07
3807,1,3.254741099991831e-07
3808,1,3.254741099991831e-07
3835,1,3.254741099991831e-07
3846,1,3.254741099991831e-07
3849,1,3.254741099991831e-07
3859,1,3.254741099991831e-07
3860,1,3.254741099991831e-07
3864,1,3.254741099991831e-07
3868,1,3.254741099991831e-07
3873,1,3.254741099991831e-07
3881,1,3.254741099991831e-07
3882,1,3.254741099991831e-07
3888,1,3.254741099991831e-07
3896,1,3.254741099991831e-07
3899,1,3.254741099991831e-07
3900,1,3.254741099991831e-07
3903,1,3.254741099991831e-07
3930,1,3.254741099991831e-07
3931,1,3.254741099991831e-07
3955,1,3.254741099991831e-07
3969,1,3.254741099991831e-07
3983,2,6.509482199983662e-07
3989,2,6.509482199983662e-07
3993,1,3.254741099991831e-07
3994,1,3.254741099991831e-07
4001,1,3.254741099991831e-07
4017,1,3.254741099991831e-07
4018,1,3.254741099991831e-07
4032,1,3.254741099991831e-07
4033,2,6.509482199983662e-07
4036,1,3.254741099991831e-07
4037,1,3.254741099991831e-07
4044,2,6.509482199983662e-07
4049,1,3.254741099991831e-07
4057,1,3.254741099991831e-07
4061,1,3.254741099991831e-07
4078,1,3.254741099991831e-07
4081,1,3.254741099991831e-07
4087,1,3.254741099991831e-07
4097,1,3.254741099991831e-07
4098,1,3.254741099991831e-07
4103,1,3.254741099991831e-07
4113,1,3.254741099991831e-07
4120,1,3.254741099991831e-07
4121,1,3.254741099991831e-07
4122,1,3.254741099991831e-07
4131,1,3.254741099991831e-07
4150,1,3.254741099991831e-07
4153,1,3.254741099991831e-07
4164,1,3.254741099991831e-07
4179,1,3.254741099991831e-07
4181,1,3.254741099991831e-07
4185,1,3.254741099991831e-07
4200,1,3.254741099991831e-07
4213,1,3.254741099991831e-07
4226,1,3.254741099991831e-07
4241,1,3.254741099991831e-07
4267,2,6.509482199983662e-07
4277,1,3.254741099991831e-07
4278,1,3.254741099991831e-07
4279,1,3.254741099991831e-07
4293,1,3.254741099991831e-07
4301,1,3.254741099991831e-07
4312,1,3.254741099991831e-07
4326,2,6.509482199983662e-07
4330,1,3.254741099991831e-07
4338,1,3.254741099991831e-07
4343,1,3.254741099991831e-07
4346,1,3.254741099991831e-07
4349,1,3.254741099991831e-07
4355,1,3.254741099991831e-07
4374,1,3.254741099991831e-07
4380,1,3.254741099991831e-07
4382,1,3.254741099991831e-07
4392,1,3.254741099991831e-07
4395,1,3.254741099991831e-07
4403,1,3.254741099991831e-07
4407,1,3.254741099991831e-07
4411,1,3.254741099991831e-07
4425,1,3.254741099991831e-07
4427,1,3.254741099991831e-07
4436,1,3.254741099991831e-07
4446,1,3.254741099991831e-07
4447,1,3.254741099991831e-07
4469,1,3.254741099991831e-07
4475,1,3.254741099991831e-07
4483,1,3.254741099991831e-07
4489,1,3.254741099991831e-07
4490,1,3.254741099991831e-07
4496,1,3.254741099991831e-07
4504,1,3.254741099991831e-07
4516,1,3.254741099991831e-07
4523,1,3.254741099991831e-07
4524,1,3.254741099991831e-07
4525,1,3.254741099991831e-07
4526,1,3.254741099991831e-07
4538,1,3.254741099991831e-07
4547,1,3.254741099991831e-07
4552,1,3.254741099991831e-07
4562,1,3.254741099991831e-07
4578,1,3.254741099991831e-07
4595,1,3.254741099991831e-07
4598,1,3.254741099991831e-07
4600,1,3.254741099991831e-07
4633,1,3.254741099991831e-07
4666,1,3.254741099991831e-07
4681,1,3.254741099991831e-07
4691,1,3.254741099991831e-07
4694,1,3.254741099991831e-07
4716,1,3.254741099991831e-07
4728,1,3.254741099991831e-07
4731,1,3.254741099991831e-07
4744,2,6.509482199983662e-07
4767,1,3.254741099991831e-07
4777,1,3.254741099991831e-07
4803,1,3.254741099991831e-07
4819,1,3.254741099991831e-07
4832,1,3.254741099991831e-07
4837,1,3.254741099991831e-07
4848,1,3.254741099991831e-07
4855,1,3.254741099991831e-07
4875,1,3.254741099991831e-07
4904,1,3.254741099991831e-07
4920,1,3.254741099991831e-07
4921,1,3.254741099991831e-07
4932,1,3.254741099991831e-07
4934,1,3.254741099991831e-07
4939,1,3.254741099991831e-07
4950,1,3.254741099991831e-07
4957,1,3.254741099991831e-07
4967,1,3.254741099991831e-07
4973,1,3.254741099991831e-07
4974,1,3.254741099991831e-07
4977,1,3.254741099991831e-07
4983,1,3.254741099991831e-07
5010,1,3.254741099991831e-07
5011,1,3.254741099991831e-07
5026,2,6.509482199983662e-07
5027,1,3.254741099991831e-07
5060,1,3.254741099991831e-07
5074,1,3.254741099991831e-07
5079,1,3.254741099991831e-07
5095,1,3.254741099991831e-07
5097,1,3.254741099991831e-07
5101,1,3.254741099991831e-07
5119,3,9.76422329997549e-07
5134,1,3.254741099991831e-07
5148,1,3.254741099991831e-07
5158,1,3.254741099991831e-07
5159,1,3.254741099991831e-07
5208,1,3.254741099991831e-07
5215,1,3.254741099991831e-07
5247,1,3.254741099991831e-07
5259,1,3.254741099991831e-07
5279,1,3.254741099991831e-07
5280,1,3.254741099991831e-07
5281,2,6.509482199983662e-07
5284,1,3.254741099991831e-07
5297,1,3.254741099991831e-07
5303,1,3.254741099991831e-07
5327,1,3.254741099991831e-07
5343,1,3.254741099991831e-07
5347,1,3.254741099991831e-07
5368,1,3.254741099991831e-07
5370,1,3.254741099991831e-07
5377,1,3.254741099991831e-07
5401,1,3.254741099991831e-07
5416,1,3.254741099991831e-07
5422,1,3.254741099991831e-07
5425,1,3.254741099991831e-07
5440,1,3.254741099991831e-07
5466,1,3.254741099991831e-07
5469,1,3.254741099991831e-07
5470,1,3.254741099991831e-07
5474,1,3.254741099991831e-07
5513,1,3.254741099991831e-07
5556,1,3.254741099991831e-07
5559,1,3.254741099991831e-07
5570,1,3.254741099991831e-07
5585,1,3.254741099991831e-07
5596,1,3.254741099991831e-07
5603,1,3.254741099991831e-07
5609,1,3.254741099991831e-07
5617,1,3.254741099991831e-07
5621,1,3.254741099991831e-07
5686,1,3.254741099991831e-07
5688,1,3.254741099991831e-07
5724,1,3.254741099991831e-07
5741,1,3.254741099991831e-07
5775,1,3.254741099991831e-07
5785,1,3.254741099991831e-07
5824,1,3.254741099991831e-07
5830,1,3.254741099991831e-07
5901,1,3.254741099991831e-07
5949,1,3.254741099991831e-07
5979,1,3.254741099991831e-07
5981,1,3.254741099991831e-07
6007,1,3.254741099991831e-07
6024,1,3.254741099991831e-07
6029,1,3.254741099991831e-07
6044,1,3.254741099991831e-07
6057,1,3.254741099991831e-07
6058,1,3.254741099991831e-07
6065,1,3.254741099991831e-07
6069,1,3.254741099991831e-07
6075,1,3.254741099991831e-07
6083,1,3.254741099991831e-07
6089,1,3.254741099991831e-07
6092,1,3.254741099991831e-07
6166,1,3.254741099991831e-07
6263,1,3.254741099991831e-07
6270,1,3.254741099991831e-07
6278,1,3.254741099991831e-07
6282,1,3.254741099991831e-07
6298,1,3.254741099991831e-07
6322,1,3.254741099991831e-07
6337,1,3.254741099991831e-07
6347,1,3.254741099991831e-07
6357,1,3.254741099991831e-07
6361,1,3.254741099991831e-07
6377,1,3.254741099991831e-07
6394,1,3.254741099991831e-07
6411,1,3.254741099991831e-07
6415,1,3.254741099991831e-07
6432,1,3.254741099991831e-07
6459,1,3.254741099991831e-07
6464,1,3.254741099991831e-07
6469,1,3.254741099991831e-07
6550,1,3.254741099991831e-07
6598,1,3.254741099991831e-07
6670,1,3.254741099991831e-07
6672,1,3.254741099991831e-07
6733,1,3.254741099991831e-07
6744,1,3.254741099991831e-07
6752,1,3.254741099991831e-07
6787,1,3.254741099991831e-07
6788,1,3.254741099991831e-07
6796,1,3.254741099991831e-07
6846,1,3.254741099991831e-07
6849,1,3.254741099991831e-07
6927,1,3.254741099991831e-07
6961,1,3.254741099991831e-07
6976,1,3.254741099991831e-07
7009,1,3.254741099991831e-07
7027,1,3.254741099991831e-07
7031,1,3.254741099991831e-07
7082,1,3.254741099991831e-07
7087,1,3.254741099991831e-07
7089,1,3.254741099991831e-07
7090,1,3.254741099991831e-07
7232,1,3.254741099991831e-07
7234,1,3.254741099991831e-07
7244,1,3.254741099991831e-07
7248,1,3.254741099991831e-07
7260,1,3.254741099991831e-07
7276,1,3.254741099991831e-07
7295,1,3.254741099991831e-07
7349,1,3.254741099991831e-07
7353,1,3.254741099991831e-07
7387,1,3.254741099991831e-07
7397,1,3.254741099991831e-07
7417,1,3.254741099991831e-07
7427,1,3.254741099991831e-07
7430,1,3.254741099991831e-07
7460,1,3.254741099991831e-07
7466,1,3.254741099991831e-07
7478,1,3.254741099991831e-07
7529,1,3.254741099991831e-07
7544,1,3.254741099991831e-07
7584,1,3.254741099991831e-07
7612,1,3.254741099991831e-07
7728,1,3.254741099991831e-07
7735,1,3.254741099991831e-07
7777,1,3.254741099991831e-07
7784,1,3.254741099991831e-07
7795,1,3.254741099991831e-07
7830,1,3.254741099991831e-07
7880,1,3.254741099991831e-07
7890,1,3.254741099991831e-07
7900,1,3.254741099991831e-07
7935,1,3.254741099991831e-07
8079,1,3.254741099991831e-07
8205,1,3.254741099991831e-07
8236,1,3.254741099991831e-07
8328,1,3.254741099991831e-07
8356,1,3.254741099991831e-07
8366,1,3.254741099991831e-07
8393,1,3.254741099991831e-07
8413,1,3.254741099991831e-07
8465,1,3.254741099991831e-07
8484,1,3.254741099991831e-07
8549,1,3.254741099991831e-07
8594,1,3.254741099991831e-07
8601,1,3.254741099991831e-07
8605,1,3.254741099991831e-07
8647,1,3.254741099991831e-07
8660,1,3.254741099991831e-07
8723,1,3.254741099991831e-07
8827,1,3.254741099991831e-07
8868,1,3.254741099991831e-07
8870,1,3.254741099991831e-07
8992,1,3.254741099991831e-07
9082,1,3.254741099991831e-07
9090,1,3.254741099991831e-07
9159,1,3.254741099991831e-07
9272,1,3.254741099991831e-07
9322,1,3.254741099991831e-07
9493,1,3.254741099991831e-07
9521,1,3.254741099991831e-07
9624,1,3.254741099991831e-07
9693,1,3.254741099991831e-07
9714,1,3.254741099991831e-07
9797,1,3.254741099991831e-07
9901,1,3.254741099991831e-07
10000,1,3.254741099991831e-07
10046,1,3.254741099991831e-07
10085,1,3.254741099991831e-07
10113,1,3.254741099991831e-07
10130,1,3.254741099991831e-07
10197,1,3.254741099991831e-07
10223,1,3.254741099991831e-07
10240,1,3.254741099991831e-07
10303,1,3.254741099991831e-07
10306,1,3.254741099991831e-07
10339,1,3.254741099991831e-07
10400,1,3.254741099991831e-07
10535,1,3.254741099991831e-07
10660,1,3.254741099991831e-07
10674,1,3.254741099991831e-07
10698,1,3.254741099991831e-07
10721,1,3.254741099991831e-07
10771,1,3.254741099991831e-07
10848,1,3.254741099991831e-07
10861,1,3.254741099991831e-07
10956,1,3.254741099991831e-07
11143,1,3.254741099991831e-07
11227,1,3.254741099991831e-07
11359,1,3.254741099991831e-07
11372,1,3.254741099991831e-07
11689,1,3.254741099991831e-07
11843,1,3.254741099991831e-07
11888,1,3.254741099991831e-07
11899,1,3.254741099991831e-07
11920,1,3.254741099991831e-07
12317,1,3.254741099991831e-07
12318,1,3.254741099991831e-07
12335,1,3.254741099991831e-07
12377,1,3.254741099991831e-07
12467,1,3.254741099991831e-07
12482,1,3.254741099991831e-07
12533,1,3.254741099991831e-07
12608,1,3.254741099991831e-07
12839,1,3.254741099991831e-07
13030,1,3.254741099991831e-07
13257,1,3.254741099991831e-07
13317,1,3.254741099991831e-07
13354,1,3.254741099991831e-07
13380,1,3.254741099991831e-07
13423,1,3.254741099991831e-07
13450,1,3.254741099991831e-07
13606,1,3.254741099991831e-07
13632,1,3.254741099991831e-07
13638,1,3.254741099991831e-07
13741,1,3.254741099991831e-07
13773,1,3.254741099991831e-07
13908,1,3.254741099991831e-07
14020,1,3.254741099991831e-07
14100,1,3.254741099991831e-07
14338,1,3.254741099991831e-07
14450,1,3.254741099991831e-07
14516,1,3.254741099991831e-07
14551,1,3.254741099991831e-07
14555,1,3.254741099991831e-07
14566,1,3.254741099991831e-07
14646,1,3.254741099991831e-07
14784,1,3.254741099991831e-07
14798,1,3.254741099991831e-07
15066,1,3.254741099991831e-07
15072,1,3.254741099991831e-07
15220,1,3.254741099991831e-07
16174,1,3.254741099991831e-07
16703,1,3.254741099991831e-07
17437,1,3.254741099991831e-07
17442,1,3.254741099991831e-07
18097,1,3.254741099991831e-07
18180,1,3.254741099991831e-07
18344,1,3.254741099991831e-07
19670,1,3.254741099991831e-07
19735,1,3.254741099991831e-07
19950,1,3.254741099991831e-07
20285,1,3.254741099991831e-07
20968,1,3.254741099991831e-07
21069,1,3.254741099991831e-07
21504,1,3.254741099991831e-07
22226,1,3.254741099991831e-07
22633,1,3.254741099991831e-07
23591,1,3.254741099991831e-07
23632,1,3.254741099991831e-07
23724,1,3.254741099991831e-07
23934,1,3.254741099991831e-07
24005,1,3.254741099991831e-07
24668,1,3.254741099991831e-07
25085,1,3.254741099991831e-07
25200,1,3.254741099991831e-07
25423,1,3.254741099991831e-07
25795,1,3.254741099991831e-07
27317,1,3.254741099991831e-07
29657,1,3.254741099991831e-07
33313,1,3.254741099991831e-07
